income_bound_l,income_bound_r,educ_bound_l,educ_bound_r,age_bound_l,age_bound_r,value
7.0,8.0,1.0,2.0,80.0,85.0,5
9.0,10.0,13.0,14.0,20.0,25.0,1178
6.0,7.0,10.0,11.0,15.0,20.0,154
10.0,11.0,14.0,15.0,90.0,95.0,27
5.0,6.0,4.0,5.0,65.0,70.0,3
8.0,9.0,15.0,16.0,30.0,35.0,27
10.0,11.0,5.0,6.0,60.0,65.0,76
6.0,7.0,10.0,11.0,40.0,45.0,15
0.0,1.0,3.0,4.0,70.0,75.0,14
10.0,11.0,10.0,11.0,65.0,70.0,183
7.0,8.0,10.0,11.0,90.0,95.0,3
10.0,11.0,14.0,15.0,40.0,45.0,967
10.0,11.0,16.0,17.000000100000001,30.0,35.0,213
5.0,6.0,12.0,13.0,25.0,30.0,2
8.0,9.0,7.0,8.0,80.0,85.0,42
9.0,10.0,11.0,12.0,65.0,70.0,360
7.0,8.0,14.0,15.0,85.0,90.0,1
0.0,1.0,2.0,3.0,75.0,80.0,11
6.0,7.0,14.0,15.0,50.0,55.0,12
0.0,1.0,2.0,3.0,90.0,95.0,6
10.0,11.0,10.0,11.0,45.0,50.0,756
4.0,5.0,12.0,13.0,30.0,35.0,3
1.0,2.0,11.0,12.0,45.0,50.0,2
11.0,12.000000099999999,2.0,3.0,45.0,50.0,4
6.0,7.0,9.0,10.0,30.0,35.0,53
8.0,9.0,2.0,3.0,75.0,80.0,44
10.0,11.0,11.0,12.0,70.0,75.0,365
9.0,10.0,10.0,11.0,25.0,30.0,319
11.0,12.000000099999999,16.0,17.000000100000001,75.0,80.0,38
7.0,8.0,4.0,5.0,55.0,60.0,10
11.0,12.000000099999999,2.0,3.0,60.0,65.0,2
11.0,12.000000099999999,9.0,10.0,65.0,70.0,128
5.0,6.0,4.0,5.0,20.0,25.0,6
6.0,7.0,10.0,11.0,60.0,65.0,4
7.0,8.0,9.0,10.0,80.0,85.0,65
8.0,9.0,2.0,3.0,40.0,45.0,30
11.0,12.000000099999999,13.0,14.0,70.0,75.0,182
5.0,6.0,12.0,13.0,40.0,45.0,4
5.0,6.0,2.0,3.0,40.0,45.0,1
11.0,12.000000099999999,1.0,2.0,50.0,55.0,3
6.0,7.0,7.0,8.0,45.0,50.0,4
5.0,6.0,14.0,15.0,20.0,25.0,1
10.0,11.0,5.0,6.0,25.0,30.0,57
11.0,12.000000099999999,13.0,14.0,35.0,40.0,2029
8.0,9.0,3.0,4.0,80.0,85.0,54
7.0,8.0,1.0,2.0,85.0,90.0,4
5.0,6.0,11.0,12.0,55.0,60.0,9
9.0,10.0,2.0,3.0,90.0,95.0,16
4.0,5.0,10.0,11.0,40.0,45.0,1
0.0,1.0,7.0,8.0,45.0,50.0,33
10.0,11.0,7.0,8.0,60.0,65.0,83
10.0,11.0,7.0,8.0,15.0,20.0,14
9.0,10.0,14.0,15.0,50.0,55.0,236
6.0,7.0,7.0,8.0,15.0,20.0,127
11.0,12.000000099999999,10.0,11.0,45.0,50.0,175
6.0,7.0,9.0,10.0,55.0,60.0,43
7.0,8.0,5.0,6.0,75.0,80.0,8
11.0,12.000000099999999,6.0,7.0,70.0,75.0,13
7.0,8.0,12.0,13.0,45.0,50.0,22
5.0,6.0,5.0,6.0,20.0,25.0,3
10.0,11.0,12.0,13.0,70.0,75.0,161
4.0,5.0,13.0,14.0,55.0,60.0,3
6.0,7.0,7.0,8.0,70.0,75.0,1
10.0,11.0,5.0,6.0,50.0,55.0,81
4.0,5.0,4.0,5.0,30.0,35.0,1
3.0,4.0,10.0,11.0,50.0,55.0,4
8.0,9.0,15.0,16.0,65.0,70.0,14
6.0,7.0,3.0,4.0,30.0,35.0,1
9.0,10.0,9.0,10.0,60.0,65.0,1157
5.0,6.0,11.0,12.0,30.0,35.0,12
0.0,1.0,8.0,9.0,35.0,40.0,89
10.0,11.0,1.0,2.0,45.0,50.0,48
9.0,10.0,14.0,15.0,25.0,30.0,324
6.0,7.0,4.0,5.0,65.0,70.0,5
8.0,9.0,4.0,5.0,25.0,30.0,27
7.0,8.0,1.0,2.0,70.0,75.0,7
9.0,10.0,6.0,7.0,55.0,60.0,131
10.0,11.0,15.0,16.0,90.0,95.0,13
0.0,1.0,9.0,10.0,35.0,40.0,593
5.0,6.0,11.0,12.0,50.0,55.0,7
6.0,7.0,8.0,9.0,40.0,45.0,10
11.0,12.000000099999999,3.0,4.0,30.0,35.0,2
4.0,5.0,15.0,16.0,55.0,60.0,1
9.0,10.0,7.0,8.0,85.0,90.0,60
0.0,1.0,14.0,15.0,45.0,50.0,99
3.0,4.0,13.0,14.0,55.0,60.0,4
0.0,1.0,10.0,11.0,80.0,85.0,10
10.0,11.0,12.0,13.0,75.0,80.0,110
2.0,3.0,13.0,14.0,35.0,40.0,4
5.0,6.0,4.0,5.0,60.0,65.0,2
8.0,9.0,4.0,5.0,30.0,35.0,64
6.0,7.0,2.0,3.0,60.0,65.0,3
7.0,8.0,6.0,7.0,85.0,90.0,2
1.0,2.0,9.0,10.0,55.0,60.0,1
10.0,11.0,8.0,9.0,50.0,55.0,194
10.0,11.0,6.0,7.0,40.0,45.0,142
8.0,9.0,15.0,16.0,75.0,80.0,19
10.0,11.0,2.0,3.0,50.0,55.0,45
9.0,10.0,5.0,6.0,15.0,20.0,33
6.0,7.0,15.0,16.0,35.0,40.0,5
0.0,1.0,9.0,10.0,20.0,25.0,540
7.0,8.0,16.0,17.000000100000001,55.0,60.0,1
10.0,11.0,1.0,2.0,40.0,45.0,58
2.0,3.0,11.0,12.0,45.0,50.0,1
7.0,8.0,16.0,17.000000100000001,45.0,50.0,4
4.0,5.0,11.0,12.0,20.0,25.0,7
5.0,6.0,4.0,5.0,25.0,30.0,1
5.0,6.0,7.0,8.0,25.0,30.0,2
10.0,11.0,7.0,8.0,65.0,70.0,60
8.0,9.0,14.0,15.0,40.0,45.0,84
5.0,6.0,8.0,9.0,45.0,50.0,1
7.0,8.0,4.0,5.0,45.0,50.0,8
8.0,9.0,5.0,6.0,75.0,80.0,105
10.0,11.0,3.0,4.0,40.0,45.0,44
0.0,1.0,14.0,15.0,35.0,40.0,126
5.0,6.0,9.0,10.0,70.0,75.0,5
2.0,3.0,12.0,13.0,60.0,65.0,1
11.0,12.000000099999999,14.0,15.0,60.0,65.0,360
9.0,10.0,10.0,11.0,80.0,85.0,131
9.0,10.0,15.0,16.0,20.0,25.0,7
0.0,1.0,12.0,13.0,65.0,70.0,19
4.0,5.0,9.0,10.0,60.0,65.0,12
11.0,12.000000099999999,16.0,17.000000100000001,85.0,90.0,9
6.0,7.0,15.0,16.0,25.0,30.0,2
6.0,7.0,7.0,8.0,55.0,60.0,7
9.0,10.0,8.0,9.0,65.0,70.0,193
1.0,2.0,13.0,14.0,60.0,65.0,1
11.0,12.000000099999999,5.0,6.0,60.0,65.0,8
11.0,12.000000099999999,5.0,6.0,45.0,50.0,13
0.0,1.0,15.0,16.0,25.0,30.0,39
9.0,10.0,9.0,10.0,20.0,25.0,2076
0.0,1.0,12.0,13.0,35.0,40.0,191
8.0,9.0,11.0,12.0,65.0,70.0,113
7.0,8.0,3.0,4.0,60.0,65.0,5
7.0,8.0,6.0,7.0,40.0,45.0,9
9.0,10.0,10.0,11.0,55.0,60.0,220
6.0,7.0,4.0,5.0,45.0,50.0,10
9.0,10.0,4.0,5.0,50.0,55.0,116
11.0,12.000000099999999,14.0,15.0,75.0,80.0,69
7.0,8.0,13.0,14.0,85.0,90.0,3
11.0,12.000000099999999,7.0,8.0,90.0,95.0,1
8.0,9.0,3.0,4.0,45.0,50.0,34
11.0,12.000000099999999,9.0,10.0,70.0,75.0,92
8.0,9.0,16.0,17.000000100000001,25.0,30.0,4
8.0,9.0,12.0,13.0,50.0,55.0,83
8.0,9.0,5.0,6.0,80.0,85.0,92
6.0,7.0,6.0,7.0,75.0,80.0,3
7.0,8.0,15.0,16.0,35.0,40.0,4
6.0,7.0,6.0,7.0,30.0,35.0,7
6.0,7.0,2.0,3.0,70.0,75.0,1
3.0,4.0,11.0,12.0,50.0,55.0,2
0.0,1.0,6.0,7.0,90.0,95.0,6
11.0,12.000000099999999,9.0,10.0,35.0,40.0,476
6.0,7.0,13.0,14.0,65.0,70.0,2
10.0,11.0,9.0,10.0,20.0,25.0,999
0.0,1.0,5.0,6.0,75.0,80.0,24
10.0,11.0,1.0,2.0,60.0,65.0,31
3.0,4.0,12.0,13.0,35.0,40.0,2
9.0,10.0,11.0,12.0,45.0,50.0,588
11.0,12.000000099999999,4.0,5.0,45.0,50.0,14
6.0,7.0,13.0,14.0,45.0,50.0,18
8.0,9.0,4.0,5.0,80.0,85.0,133
6.0,7.0,9.0,10.0,25.0,30.0,42
0.0,1.0,3.0,4.0,35.0,40.0,25
10.0,11.0,6.0,7.0,55.0,60.0,130
0.0,1.0,7.0,8.0,65.0,70.0,16
11.0,12.000000099999999,7.0,8.0,60.0,65.0,15
3.0,4.0,9.0,10.0,60.0,65.0,2
0.0,1.0,14.0,15.0,70.0,75.0,27
0.0,1.0,1.0,2.0,65.0,70.0,37
7.0,8.0,8.0,9.0,85.0,90.0,5
4.0,5.0,13.0,14.0,50.0,55.0,5
4.0,5.0,9.0,10.0,65.0,70.0,2
4.0,5.0,8.0,9.0,20.0,25.0,2
7.0,8.0,5.0,6.0,60.0,65.0,11
7.0,8.0,8.0,9.0,15.0,20.0,90
0.0,1.0,11.0,12.0,30.0,35.0,228
0.0,1.0,13.0,14.0,65.0,70.0,29
0.0,1.0,14.0,15.0,75.0,80.0,12
7.0,8.0,13.0,14.0,80.0,85.0,8
11.0,12.000000099999999,6.0,7.0,75.0,80.0,9
11.0,12.000000099999999,6.0,7.0,60.0,65.0,14
4.0,5.0,6.0,7.0,50.0,55.0,1
10.0,11.0,12.0,13.0,45.0,50.0,1149
4.0,5.0,13.0,14.0,30.0,35.0,4
9.0,10.0,6.0,7.0,90.0,95.0,44
8.0,9.0,4.0,5.0,55.0,60.0,78
6.0,7.0,3.0,4.0,55.0,60.0,6
2.0,3.0,5.0,6.0,50.0,55.0,1
9.0,10.0,1.0,2.0,40.0,45.0,67
0.0,1.0,7.0,8.0,40.0,45.0,36
0.0,1.0,12.0,13.0,70.0,75.0,20
9.0,10.0,9.0,10.0,70.0,75.0,1676
11.0,12.000000099999999,5.0,6.0,20.0,25.0,2
8.0,9.0,8.0,9.0,50.0,55.0,66
6.0,7.0,9.0,10.0,50.0,55.0,39
9.0,10.0,1.0,2.0,90.0,95.0,25
7.0,8.0,11.0,12.0,60.0,65.0,28
11.0,12.000000099999999,3.0,4.0,75.0,80.0,1
2.0,3.0,3.0,4.0,55.0,60.0,1
10.0,11.0,10.0,11.0,55.0,60.0,480
11.0,12.000000099999999,9.0,10.0,40.0,45.0,509
2.0,3.0,9.0,10.0,30.0,35.0,2
7.0,8.0,3.0,4.0,75.0,80.0,3
0.0,1.0,16.0,17.000000100000001,60.0,65.0,12
8.0,9.0,7.0,8.0,85.0,90.0,17
0.0,1.0,16.0,17.000000100000001,45.0,50.0,11
6.0,7.0,16.0,17.000000100000001,45.0,50.0,2
10.0,11.0,16.0,17.000000100000001,50.0,55.0,149
2.0,3.0,9.0,10.0,50.0,55.0,1
5.0,6.0,1.0,2.0,85.0,90.0,1
8.0,9.0,8.0,9.0,25.0,30.0,71
11.0,12.000000099999999,10.0,11.0,70.0,75.0,31
10.0,11.0,14.0,15.0,20.0,25.0,78
9.0,10.0,12.0,13.0,60.0,65.0,131
6.0,7.0,15.0,16.0,45.0,50.0,3
0.0,1.0,4.0,5.0,45.0,50.0,42
6.0,7.0,13.0,14.0,70.0,75.0,6
11.0,12.000000099999999,11.0,12.0,65.0,70.0,100
0.0,1.0,15.0,16.0,70.0,75.0,1
1.0,2.0,6.0,7.0,65.0,70.0,1
8.0,9.0,3.0,4.0,70.0,75.0,76
7.0,8.0,15.0,16.0,55.0,60.0,4
9.0,10.0,7.0,8.0,90.0,95.0,30
8.0,9.0,16.0,17.000000100000001,55.0,60.0,5
10.0,11.0,10.0,11.0,90.0,95.0,8
1.0,2.0,14.0,15.0,30.0,35.0,2
8.0,9.0,7.0,8.0,15.0,20.0,561
0.0,1.0,7.0,8.0,35.0,40.0,49
0.0,1.0,3.0,4.0,75.0,80.0,15
9.0,10.0,7.0,8.0,65.0,70.0,128
8.0,9.0,15.0,16.0,60.0,65.0,9
11.0,12.000000099999999,2.0,3.0,75.0,80.0,1
8.0,9.0,10.0,11.0,20.0,25.0,208
5.0,6.0,15.0,16.0,35.0,40.0,7
7.0,8.0,5.0,6.0,65.0,70.0,5
4.0,5.0,9.0,10.0,20.0,25.0,5
10.0,11.0,8.0,9.0,75.0,80.0,88
9.0,10.0,3.0,4.0,80.0,85.0,104
7.0,8.0,1.0,2.0,55.0,60.0,12
1.0,2.0,13.0,14.0,30.0,35.0,3
0.0,1.0,8.0,9.0,85.0,90.0,16
8.0,9.0,1.0,2.0,85.0,90.0,33
4.0,5.0,10.0,11.0,55.0,60.0,1
10.0,11.0,4.0,5.0,60.0,65.0,98
11.0,12.000000099999999,13.0,14.0,40.0,45.0,1923
5.0,6.0,6.0,7.0,60.0,65.0,4
0.0,1.0,9.0,10.0,15.0,20.0,426
0.0,1.0,8.0,9.0,45.0,50.0,70
11.0,12.000000099999999,8.0,9.0,20.0,25.0,6
1.0,2.0,14.0,15.0,40.0,45.0,1
7.0,8.0,7.0,8.0,55.0,60.0,1
0.0,1.0,9.0,10.0,85.0,90.0,97
8.0,9.0,9.0,10.0,15.0,20.0,764
5.0,6.0,10.0,11.0,45.0,50.0,6
0.0,1.0,2.0,3.0,85.0,90.0,6
10.0,11.0,14.0,15.0,70.0,75.0,320
4.0,5.0,11.0,12.0,85.0,90.0,1
11.0,12.000000099999999,11.0,12.0,45.0,50.0,451
10.0,11.0,6.0,7.0,30.0,35.0,110
5.0,6.0,14.0,15.0,50.0,55.0,4
9.0,10.0,7.0,8.0,75.0,80.0,183
10.0,11.0,6.0,7.0,85.0,90.0,23
11.0,12.000000099999999,3.0,4.0,60.0,65.0,5
9.0,10.0,15.0,16.0,60.0,65.0,47
0.0,1.0,8.0,9.0,80.0,85.0,25
8.0,9.0,4.0,5.0,70.0,75.0,185
5.0,6.0,5.0,6.0,15.0,20.0,10
1.0,2.0,5.0,6.0,25.0,30.0,1
3.0,4.0,14.0,15.0,30.0,35.0,1
6.0,7.0,11.0,12.0,20.0,25.0,210
9.0,10.0,8.0,9.0,85.0,90.0,119
4.0,5.0,13.0,14.0,60.0,65.0,3
5.0,6.0,10.0,11.0,60.0,65.0,3
5.0,6.0,14.0,15.0,30.0,35.0,5
0.0,1.0,5.0,6.0,60.0,65.0,36
9.0,10.0,12.0,13.0,20.0,25.0,389
6.0,7.0,6.0,7.0,80.0,85.0,1
11.0,12.000000099999999,10.0,11.0,65.0,70.0,36
0.0,1.0,13.0,14.0,20.0,25.0,279
4.0,5.0,14.0,15.0,20.0,25.0,2
10.0,11.0,9.0,10.0,90.0,95.0,88
0.0,1.0,12.0,13.0,40.0,45.0,165
9.0,10.0,13.0,14.0,35.0,40.0,664
6.0,7.0,1.0,2.0,75.0,80.0,2
6.0,7.0,6.0,7.0,25.0,30.0,9
4.0,5.0,10.0,11.0,45.0,50.0,2
10.0,11.0,4.0,5.0,20.0,25.0,17
11.0,12.000000099999999,7.0,8.0,75.0,80.0,10
10.0,11.0,2.0,3.0,30.0,35.0,13
11.0,12.000000099999999,15.0,16.0,55.0,60.0,249
8.0,9.0,2.0,3.0,35.0,40.0,13
11.0,12.000000099999999,7.0,8.0,20.0,25.0,1
8.0,9.0,3.0,4.0,25.0,30.0,19
0.0,1.0,15.0,16.0,30.0,35.0,40
7.0,8.0,12.0,13.0,55.0,60.0,19
9.0,10.0,11.0,12.0,15.0,20.0,205
3.0,4.0,14.0,15.0,25.0,30.0,1
10.0,11.0,14.0,15.0,50.0,55.0,1324
6.0,7.0,11.0,12.0,30.0,35.0,17
9.0,10.0,8.0,9.0,60.0,65.0,143
9.0,10.0,12.0,13.0,30.0,35.0,426
3.0,4.0,16.0,17.000000100000001,30.0,35.0,1
4.0,5.0,14.0,15.0,55.0,60.0,1
7.0,8.0,16.0,17.000000100000001,65.0,70.0,2
5.0,6.0,2.0,3.0,30.0,35.0,2
9.0,10.0,13.0,14.0,25.0,30.0,1003
5.0,6.0,9.0,10.0,40.0,45.0,22
5.0,6.0,6.0,7.0,20.0,25.0,2
1.0,2.0,9.0,10.0,50.0,55.0,2
11.0,12.000000099999999,15.0,16.0,65.0,70.0,97
6.0,7.0,14.0,15.0,90.0,95.0,2
10.0,11.0,10.0,11.0,15.0,20.0,22
10.0,11.0,12.0,13.0,50.0,55.0,976
8.0,9.0,11.0,12.0,80.0,85.0,90
0.0,1.0,9.0,10.0,55.0,60.0,518
0.0,1.0,16.0,17.000000100000001,85.0,90.0,1
7.0,8.0,5.0,6.0,90.0,95.0,2
5.0,6.0,3.0,4.0,55.0,60.0,1
10.0,11.0,8.0,9.0,90.0,95.0,15
0.0,1.0,7.0,8.0,80.0,85.0,7
6.0,7.0,14.0,15.0,35.0,40.0,14
6.0,7.0,9.0,10.0,40.0,45.0,59
0.0,1.0,7.0,8.0,15.0,20.0,332
8.0,9.0,9.0,10.0,80.0,85.0,474
8.0,9.0,14.0,15.0,35.0,40.0,72
7.0,8.0,1.0,2.0,45.0,50.0,8
10.0,11.0,12.0,13.0,25.0,30.0,880
6.0,7.0,11.0,12.0,70.0,75.0,2
8.0,9.0,12.0,13.0,65.0,70.0,70
7.0,8.0,13.0,14.0,90.0,95.0,2
10.0,11.0,8.0,9.0,45.0,50.0,231
6.0,7.0,8.0,9.0,65.0,70.0,1
0.0,1.0,1.0,2.0,70.0,75.0,31
0.0,1.0,5.0,6.0,40.0,45.0,38
10.0,11.0,5.0,6.0,20.0,25.0,27
5.0,6.0,6.0,7.0,30.0,35.0,4
2.0,3.0,16.0,17.000000100000001,60.0,65.0,1
4.0,5.0,6.0,7.0,15.0,20.0,1
0.0,1.0,13.0,14.0,70.0,75.0,43
10.0,11.0,2.0,3.0,75.0,80.0,6
11.0,12.000000099999999,14.0,15.0,50.0,55.0,1214
0.0,1.0,5.0,6.0,90.0,95.0,10
10.0,11.0,1.0,2.0,15.0,20.0,2
9.0,10.0,14.0,15.0,55.0,60.0,172
6.0,7.0,9.0,10.0,60.0,65.0,58
11.0,12.000000099999999,14.0,15.0,20.0,25.0,10
10.0,11.0,7.0,8.0,70.0,75.0,60
8.0,9.0,1.0,2.0,50.0,55.0,64
7.0,8.0,8.0,9.0,35.0,40.0,14
5.0,6.0,3.0,4.0,50.0,55.0,3
3.0,4.0,10.0,11.0,25.0,30.0,1
6.0,7.0,4.0,5.0,40.0,45.0,5
8.0,9.0,7.0,8.0,65.0,70.0,73
10.0,11.0,15.0,16.0,65.0,70.0,71
7.0,8.0,2.0,3.0,25.0,30.0,1
7.0,8.0,15.0,16.0,75.0,80.0,4
11.0,12.000000099999999,11.0,12.0,25.0,30.0,83
5.0,6.0,10.0,11.0,25.0,30.0,2
0.0,1.0,14.0,15.0,85.0,90.0,5
8.0,9.0,15.0,16.0,90.0,95.0,1
9.0,10.0,15.0,16.0,30.0,35.0,53
7.0,8.0,6.0,7.0,75.0,80.0,13
8.0,9.0,8.0,9.0,80.0,85.0,78
9.0,10.0,11.0,12.0,75.0,80.0,357
6.0,7.0,3.0,4.0,45.0,50.0,1
11.0,12.000000099999999,4.0,5.0,80.0,85.0,7
10.0,11.0,8.0,9.0,80.0,85.0,50
5.0,6.0,9.0,10.0,65.0,70.0,5
11.0,12.000000099999999,8.0,9.0,45.0,50.0,31
10.0,11.0,2.0,3.0,80.0,85.0,3
11.0,12.000000099999999,11.0,12.0,30.0,35.0,226
0.0,1.0,16.0,17.000000100000001,65.0,70.0,4
8.0,9.0,6.0,7.0,40.0,45.0,73
8.0,9.0,14.0,15.0,50.0,55.0,79
6.0,7.0,1.0,2.0,85.0,90.0,4
2.0,3.0,8.0,9.0,50.0,55.0,1
3.0,4.0,9.0,10.0,15.0,20.0,2
10.0,11.0,11.0,12.0,40.0,45.0,1637
10.0,11.0,8.0,9.0,25.0,30.0,169
8.0,9.0,7.0,8.0,75.0,80.0,90
9.0,10.0,2.0,3.0,40.0,45.0,47
8.0,9.0,2.0,3.0,25.0,30.0,9
8.0,9.0,3.0,4.0,35.0,40.0,33
0.0,1.0,16.0,17.000000100000001,90.0,95.0,1
0.0,1.0,15.0,16.0,60.0,65.0,8
8.0,9.0,14.0,15.0,70.0,75.0,61
4.0,5.0,12.0,13.0,20.0,25.0,1
6.0,7.0,11.0,12.0,60.0,65.0,17
11.0,12.000000099999999,1.0,2.0,85.0,90.0,2
5.0,6.0,11.0,12.0,60.0,65.0,4
0.0,1.0,4.0,5.0,25.0,30.0,46
5.0,6.0,5.0,6.0,65.0,70.0,1
7.0,8.0,7.0,8.0,25.0,30.0,15
11.0,12.000000099999999,1.0,2.0,75.0,80.0,2
6.0,7.0,12.0,13.0,75.0,80.0,3
11.0,12.000000099999999,9.0,10.0,90.0,95.0,24
11.0,12.000000099999999,4.0,5.0,75.0,80.0,5
6.0,7.0,12.0,13.0,30.0,35.0,12
11.0,12.000000099999999,5.0,6.0,35.0,40.0,8
8.0,9.0,7.0,8.0,40.0,45.0,65
8.0,9.0,12.0,13.0,70.0,75.0,65
11.0,12.000000099999999,11.0,12.0,35.0,40.0,416
6.0,7.0,3.0,4.0,50.0,55.0,3
11.0,12.000000099999999,4.0,5.0,85.0,90.0,5
9.0,10.0,6.0,7.0,75.0,80.0,245
6.0,7.0,13.0,14.0,40.0,45.0,37
9.0,10.0,15.0,16.0,90.0,95.0,8
6.0,7.0,10.0,11.0,70.0,75.0,2
10.0,11.0,15.0,16.0,70.0,75.0,73
6.0,7.0,5.0,6.0,30.0,35.0,5
0.0,1.0,8.0,9.0,60.0,65.0,39
0.0,1.0,15.0,16.0,45.0,50.0,11
5.0,6.0,11.0,12.0,70.0,75.0,2
10.0,11.0,6.0,7.0,65.0,70.0,92
6.0,7.0,2.0,3.0,55.0,60.0,2
5.0,6.0,13.0,14.0,55.0,60.0,6
0.0,1.0,15.0,16.0,85.0,90.0,1
5.0,6.0,4.0,5.0,30.0,35.0,1
6.0,7.0,1.0,2.0,55.0,60.0,6
6.0,7.0,11.0,12.0,45.0,50.0,13
10.0,11.0,12.0,13.0,85.0,90.0,32
0.0,1.0,2.0,3.0,50.0,55.0,19
6.0,7.0,7.0,8.0,80.0,85.0,3
4.0,5.0,13.0,14.0,20.0,25.0,6
3.0,4.0,4.0,5.0,40.0,45.0,1
4.0,5.0,5.0,6.0,55.0,60.0,1
3.0,4.0,13.0,14.0,40.0,45.0,1
6.0,7.0,11.0,12.0,85.0,90.0,1
6.0,7.0,8.0,9.0,90.0,95.0,1
6.0,7.0,2.0,3.0,25.0,30.0,1
9.0,10.0,4.0,5.0,25.0,30.0,78
6.0,7.0,3.0,4.0,40.0,45.0,5
3.0,4.0,9.0,10.0,40.0,45.0,2
0.0,1.0,14.0,15.0,90.0,95.0,3
0.0,1.0,10.0,11.0,65.0,70.0,19
10.0,11.0,16.0,17.000000100000001,60.0,65.0,79
11.0,12.000000099999999,12.0,13.0,20.0,25.0,5
10.0,11.0,16.0,17.000000100000001,45.0,50.0,146
0.0,1.0,9.0,10.0,60.0,65.0,369
2.0,3.0,11.0,12.0,15.0,20.0,1
2.0,3.0,9.0,10.0,55.0,60.0,3
5.0,6.0,13.0,14.0,45.0,50.0,6
10.0,11.0,12.0,13.0,20.0,25.0,254
0.0,1.0,3.0,4.0,65.0,70.0,20
4.0,5.0,1.0,2.0,25.0,30.0,1
7.0,8.0,16.0,17.000000100000001,35.0,40.0,1
10.0,11.0,11.0,12.0,15.0,20.0,24
1.0,2.0,14.0,15.0,45.0,50.0,2
0.0,1.0,13.0,14.0,45.0,50.0,236
10.0,11.0,15.0,16.0,45.0,50.0,206
11.0,12.000000099999999,11.0,12.0,15.0,20.0,6
7.0,8.0,15.0,16.0,50.0,55.0,3
8.0,9.0,7.0,8.0,35.0,40.0,65
10.0,11.0,13.0,14.0,65.0,70.0,519
11.0,12.000000099999999,15.0,16.0,25.0,30.0,75
11.0,12.000000099999999,6.0,7.0,40.0,45.0,15
8.0,9.0,14.0,15.0,20.0,25.0,32
11.0,12.000000099999999,13.0,14.0,90.0,95.0,16
2.0,3.0,5.0,6.0,35.0,40.0,1
11.0,12.000000099999999,16.0,17.000000100000001,45.0,50.0,286
6.0,7.0,7.0,8.0,30.0,35.0,6
6.0,7.0,3.0,4.0,60.0,65.0,6
5.0,6.0,11.0,12.0,20.0,25.0,54
6.0,7.0,7.0,8.0,35.0,40.0,4
0.0,1.0,13.0,14.0,85.0,90.0,20
9.0,10.0,14.0,15.0,40.0,45.0,232
10.0,11.0,5.0,6.0,90.0,95.0,8
6.0,7.0,16.0,17.000000100000001,70.0,75.0,1
1.0,2.0,14.0,15.0,35.0,40.0,1
6.0,7.0,9.0,10.0,20.0,25.0,107
3.0,4.0,9.0,10.0,35.0,40.0,2
10.0,11.0,2.0,3.0,55.0,60.0,47
8.0,9.0,12.0,13.0,25.0,30.0,102
5.0,6.0,9.0,10.0,15.0,20.0,38
5.0,6.0,8.0,9.0,55.0,60.0,4
8.0,9.0,7.0,8.0,45.0,50.0,46
6.0,7.0,16.0,17.000000100000001,35.0,40.0,4
8.0,9.0,2.0,3.0,80.0,85.0,28
7.0,8.0,16.0,17.000000100000001,40.0,45.0,1
3.0,4.0,14.0,15.0,45.0,50.0,1
9.0,10.0,1.0,2.0,55.0,60.0,71
6.0,7.0,7.0,8.0,20.0,25.0,8
4.0,5.0,10.0,11.0,15.0,20.0,3
9.0,10.0,6.0,7.0,65.0,70.0,211
9.0,10.0,5.0,6.0,90.0,95.0,67
8.0,9.0,16.0,17.000000100000001,65.0,70.0,9
7.0,8.0,4.0,5.0,75.0,80.0,6
8.0,9.0,1.0,2.0,20.0,25.0,30
0.0,1.0,4.0,5.0,80.0,85.0,43
8.0,9.0,9.0,10.0,55.0,60.0,366
10.0,11.0,16.0,17.000000100000001,20.0,25.0,3
11.0,12.000000099999999,4.0,5.0,60.0,65.0,16
7.0,8.0,11.0,12.0,70.0,75.0,14
7.0,8.0,14.0,15.0,40.0,45.0,26
7.0,8.0,12.0,13.0,40.0,45.0,34
9.0,10.0,9.0,10.0,65.0,70.0,1454
9.0,10.0,3.0,4.0,45.0,50.0,65
0.0,1.0,10.0,11.0,70.0,75.0,17
6.0,7.0,13.0,14.0,60.0,65.0,13
3.0,4.0,9.0,10.0,45.0,50.0,2
8.0,9.0,12.0,13.0,40.0,45.0,142
10.0,11.0,13.0,14.0,80.0,85.0,226
9.0,10.0,12.0,13.0,50.0,55.0,307
3.0,4.0,9.0,10.0,30.0,35.0,5
6.0,7.0,5.0,6.0,60.0,65.0,6
0.0,1.0,3.0,4.0,55.0,60.0,27
7.0,8.0,8.0,9.0,45.0,50.0,13
10.0,11.0,2.0,3.0,40.0,45.0,21
4.0,5.0,14.0,15.0,40.0,45.0,2
8.0,9.0,14.0,15.0,45.0,50.0,89
10.0,11.0,12.0,13.0,30.0,35.0,1092
2.0,3.0,12.0,13.0,40.0,45.0,1
10.0,11.0,11.0,12.0,80.0,85.0,200
9.0,10.0,16.0,17.000000100000001,60.0,65.0,12
7.0,8.0,1.0,2.0,25.0,30.0,6
8.0,9.0,6.0,7.0,25.0,30.0,60
9.0,10.0,4.0,5.0,80.0,85.0,317
8.0,9.0,1.0,2.0,30.0,35.0,54
6.0,7.0,14.0,15.0,20.0,25.0,5
7.0,8.0,11.0,12.0,45.0,50.0,34
8.0,9.0,16.0,17.000000100000001,40.0,45.0,7
5.0,6.0,9.0,10.0,30.0,35.0,23
5.0,6.0,12.0,13.0,15.0,20.0,1
5.0,6.0,13.0,14.0,50.0,55.0,7
6.0,7.0,2.0,3.0,20.0,25.0,1
5.0,6.0,8.0,9.0,20.0,25.0,3
9.0,10.0,3.0,4.0,40.0,45.0,65
8.0,9.0,6.0,7.0,15.0,20.0,104
0.0,1.0,6.0,7.0,85.0,90.0,8
0.0,1.0,8.0,9.0,25.0,30.0,60
7.0,8.0,3.0,4.0,25.0,30.0,1
0.0,1.0,16.0,17.000000100000001,20.0,25.0,1
5.0,6.0,6.0,7.0,50.0,55.0,2
5.0,6.0,13.0,14.0,30.0,35.0,15
7.0,8.0,6.0,7.0,80.0,85.0,9
11.0,12.000000099999999,14.0,15.0,30.0,35.0,706
9.0,10.0,4.0,5.0,55.0,60.0,124
3.0,4.0,7.0,8.0,15.0,20.0,4
7.0,8.0,10.0,11.0,40.0,45.0,18
6.0,7.0,3.0,4.0,25.0,30.0,4
7.0,8.0,6.0,7.0,70.0,75.0,11
9.0,10.0,8.0,9.0,50.0,55.0,153
7.0,8.0,7.0,8.0,45.0,50.0,6
8.0,9.0,12.0,13.0,55.0,60.0,79
9.0,10.0,9.0,10.0,40.0,45.0,1608
0.0,1.0,15.0,16.0,40.0,45.0,28
8.0,9.0,1.0,2.0,70.0,75.0,96
8.0,9.0,5.0,6.0,40.0,45.0,61
10.0,11.0,14.0,15.0,75.0,80.0,179
8.0,9.0,9.0,10.0,60.0,65.0,493
10.0,11.0,14.0,15.0,30.0,35.0,1109
8.0,9.0,13.0,14.0,70.0,75.0,120
7.0,8.0,9.0,10.0,35.0,40.0,124
5.0,6.0,4.0,5.0,45.0,50.0,3
5.0,6.0,8.0,9.0,30.0,35.0,3
0.0,1.0,16.0,17.000000100000001,35.0,40.0,11
4.0,5.0,8.0,9.0,15.0,20.0,2
2.0,3.0,8.0,9.0,40.0,45.0,1
1.0,2.0,1.0,2.0,25.0,30.0,1
9.0,10.0,8.0,9.0,25.0,30.0,201
11.0,12.000000099999999,7.0,8.0,70.0,75.0,5
7.0,8.0,9.0,10.0,85.0,90.0,15
8.0,9.0,6.0,7.0,45.0,50.0,42
5.0,6.0,16.0,17.000000100000001,35.0,40.0,3
0.0,1.0,7.0,8.0,55.0,60.0,38
6.0,7.0,14.0,15.0,70.0,75.0,1
8.0,9.0,11.0,12.0,25.0,30.0,220
11.0,12.000000099999999,11.0,12.0,85.0,90.0,24
5.0,6.0,5.0,6.0,60.0,65.0,4
9.0,10.0,5.0,6.0,85.0,90.0,126
4.0,5.0,13.0,14.0,85.0,90.0,1
10.0,11.0,4.0,5.0,30.0,35.0,69
7.0,8.0,6.0,7.0,60.0,65.0,17
9.0,10.0,3.0,4.0,70.0,75.0,95
6.0,7.0,6.0,7.0,85.0,90.0,1
7.0,8.0,3.0,4.0,45.0,50.0,4
0.0,1.0,12.0,13.0,45.0,50.0,119
9.0,10.0,16.0,17.000000100000001,55.0,60.0,27
0.0,1.0,12.0,13.0,60.0,65.0,38
7.0,8.0,16.0,17.000000100000001,50.0,55.0,1
7.0,8.0,15.0,16.0,25.0,30.0,7
11.0,12.000000099999999,8.0,9.0,30.0,35.0,22
4.0,5.0,10.0,11.0,35.0,40.0,3
11.0,12.000000099999999,7.0,8.0,80.0,85.0,4
7.0,8.0,3.0,4.0,50.0,55.0,5
10.0,11.0,11.0,12.0,85.0,90.0,97
9.0,10.0,6.0,7.0,85.0,90.0,98
7.0,8.0,10.0,11.0,65.0,70.0,8
8.0,9.0,15.0,16.0,40.0,45.0,23
8.0,9.0,12.0,13.0,85.0,90.0,21
9.0,10.0,10.0,11.0,20.0,25.0,503
9.0,10.0,8.0,9.0,75.0,80.0,211
0.0,1.0,7.0,8.0,30.0,35.0,62
9.0,10.0,10.0,11.0,50.0,55.0,256
10.0,11.0,12.0,13.0,80.0,85.0,45
0.0,1.0,15.0,16.0,35.0,40.0,32
0.0,1.0,1.0,2.0,25.0,30.0,33
5.0,6.0,9.0,10.0,20.0,25.0,23
8.0,9.0,6.0,7.0,35.0,40.0,62
8.0,9.0,3.0,4.0,20.0,25.0,15
6.0,7.0,9.0,10.0,90.0,95.0,1
6.0,7.0,9.0,10.0,70.0,75.0,15
0.0,1.0,7.0,8.0,50.0,55.0,30
5.0,6.0,10.0,11.0,55.0,60.0,5
10.0,11.0,10.0,11.0,20.0,25.0,266
11.0,12.000000099999999,6.0,7.0,30.0,35.0,9
7.0,8.0,13.0,14.0,50.0,55.0,41
7.0,8.0,9.0,10.0,55.0,60.0,68
10.0,11.0,4.0,5.0,25.0,30.0,44
9.0,10.0,9.0,10.0,15.0,20.0,621
7.0,8.0,2.0,3.0,60.0,65.0,5
10.0,11.0,13.0,14.0,30.0,35.0,3147
11.0,12.000000099999999,8.0,9.0,75.0,80.0,9
9.0,10.0,12.0,13.0,90.0,95.0,21
11.0,12.000000099999999,5.0,6.0,40.0,45.0,11
7.0,8.0,11.0,12.0,55.0,60.0,32
9.0,10.0,9.0,10.0,30.0,35.0,1585
11.0,12.000000099999999,12.0,13.0,50.0,55.0,319
0.0,1.0,10.0,11.0,15.0,20.0,229
6.0,7.0,13.0,14.0,35.0,40.0,46
11.0,12.000000099999999,6.0,7.0,50.0,55.0,17
11.0,12.000000099999999,13.0,14.0,80.0,85.0,73
4.0,5.0,5.0,6.0,25.0,30.0,2
8.0,9.0,10.0,11.0,15.0,20.0,606
0.0,1.0,9.0,10.0,75.0,80.0,170
11.0,12.000000099999999,3.0,4.0,45.0,50.0,9
5.0,6.0,7.0,8.0,55.0,60.0,3
6.0,7.0,4.0,5.0,80.0,85.0,4
7.0,8.0,15.0,16.0,60.0,65.0,4
7.0,8.0,7.0,8.0,70.0,75.0,10
8.0,9.0,9.0,10.0,75.0,80.0,710
8.0,9.0,16.0,17.000000100000001,50.0,55.0,11
10.0,11.0,4.0,5.0,35.0,40.0,72
8.0,9.0,15.0,16.0,35.0,40.0,9
6.0,7.0,1.0,2.0,65.0,70.0,2
0.0,1.0,12.0,13.0,75.0,80.0,9
1.0,2.0,13.0,14.0,20.0,25.0,1
0.0,1.0,5.0,6.0,55.0,60.0,29
7.0,8.0,9.0,10.0,50.0,55.0,80
5.0,6.0,5.0,6.0,75.0,80.0,1
8.0,9.0,1.0,2.0,45.0,50.0,64
1.0,2.0,12.0,13.0,40.0,45.0,1
7.0,8.0,7.0,8.0,75.0,80.0,10
7.0,8.0,10.0,11.0,15.0,20.0,412
0.0,1.0,3.0,4.0,50.0,55.0,34
6.0,7.0,12.0,13.0,25.0,30.0,7
9.0,10.0,14.0,15.0,80.0,85.0,64
9.0,10.0,2.0,3.0,35.0,40.0,15
9.0,10.0,3.0,4.0,25.0,30.0,38
8.0,9.0,13.0,14.0,60.0,65.0,109
6.0,7.0,5.0,6.0,20.0,25.0,6
0.0,1.0,9.0,10.0,80.0,85.0,137
11.0,12.000000099999999,7.0,8.0,55.0,60.0,5
8.0,9.0,10.0,11.0,35.0,40.0,135
6.0,7.0,4.0,5.0,30.0,35.0,10
7.0,8.0,1.0,2.0,20.0,25.0,6
9.0,10.0,12.0,13.0,15.0,20.0,9
8.0,9.0,15.0,16.0,45.0,50.0,15
4.0,5.0,5.0,6.0,45.0,50.0,1
6.0,7.0,15.0,16.0,65.0,70.0,4
10.0,11.0,8.0,9.0,30.0,35.0,243
6.0,7.0,4.0,5.0,70.0,75.0,2
5.0,6.0,2.0,3.0,50.0,55.0,2
10.0,11.0,8.0,9.0,85.0,90.0,29
9.0,10.0,11.0,12.0,80.0,85.0,269
8.0,9.0,5.0,6.0,25.0,30.0,45
10.0,11.0,16.0,17.000000100000001,85.0,90.0,10
5.0,6.0,1.0,2.0,40.0,45.0,4
4.0,5.0,14.0,15.0,60.0,65.0,3
8.0,9.0,6.0,7.0,80.0,85.0,81
8.0,9.0,12.0,13.0,75.0,80.0,49
10.0,11.0,11.0,12.0,55.0,60.0,793
10.0,11.0,6.0,7.0,15.0,20.0,3
1.0,2.0,7.0,8.0,15.0,20.0,2
3.0,4.0,9.0,10.0,20.0,25.0,3
10.0,11.0,14.0,15.0,80.0,85.0,126
9.0,10.0,9.0,10.0,80.0,85.0,1255
9.0,10.0,14.0,15.0,35.0,40.0,236
8.0,9.0,10.0,11.0,30.0,35.0,87
7.0,8.0,8.0,9.0,55.0,60.0,10
11.0,12.000000099999999,9.0,10.0,30.0,35.0,280
10.0,11.0,12.0,13.0,55.0,60.0,506
10.0,11.0,9.0,10.0,75.0,80.0,761
10.0,11.0,14.0,15.0,25.0,30.0,910
11.0,12.000000099999999,15.0,16.0,50.0,55.0,418
5.0,6.0,6.0,7.0,15.0,20.0,11
11.0,12.000000099999999,16.0,17.000000100000001,40.0,45.0,233
11.0,12.000000099999999,3.0,4.0,85.0,90.0,1
0.0,1.0,1.0,2.0,40.0,45.0,34
7.0,8.0,12.0,13.0,20.0,25.0,24
0.0,1.0,13.0,14.0,40.0,45.0,382
4.0,5.0,10.0,11.0,20.0,25.0,1
7.0,8.0,13.0,14.0,25.0,30.0,80
3.0,4.0,6.0,7.0,20.0,25.0,1
8.0,9.0,12.0,13.0,60.0,65.0,72
10.0,11.0,2.0,3.0,25.0,30.0,6
9.0,10.0,1.0,2.0,50.0,55.0,96
9.0,10.0,11.0,12.0,35.0,40.0,666
10.0,11.0,16.0,17.000000100000001,35.0,40.0,149
6.0,7.0,13.0,14.0,30.0,35.0,31
0.0,1.0,2.0,3.0,25.0,30.0,14
5.0,6.0,6.0,7.0,65.0,70.0,1
11.0,12.000000099999999,14.0,15.0,35.0,40.0,979
9.0,10.0,10.0,11.0,60.0,65.0,187
8.0,9.0,9.0,10.0,50.0,55.0,411
5.0,6.0,12.0,13.0,30.0,35.0,10
6.0,7.0,8.0,9.0,30.0,35.0,10
7.0,8.0,9.0,10.0,65.0,70.0,65
8.0,9.0,10.0,11.0,70.0,75.0,90
11.0,12.000000099999999,12.0,13.0,40.0,45.0,357
7.0,8.0,8.0,9.0,90.0,95.0,1
6.0,7.0,5.0,6.0,45.0,50.0,10
9.0,10.0,8.0,9.0,80.0,85.0,169
4.0,5.0,12.0,13.0,50.0,55.0,1
6.0,7.0,15.0,16.0,70.0,75.0,1
10.0,11.0,11.0,12.0,35.0,40.0,1637
8.0,9.0,3.0,4.0,90.0,95.0,30
2.0,3.0,10.0,11.0,35.0,40.0,1
6.0,7.0,6.0,7.0,65.0,70.0,2
10.0,11.0,12.0,13.0,40.0,45.0,1286
11.0,12.000000099999999,6.0,7.0,55.0,60.0,22
9.0,10.0,6.0,7.0,40.0,45.0,131
7.0,8.0,15.0,16.0,45.0,50.0,1
9.0,10.0,16.0,17.000000100000001,25.0,30.0,34
3.0,4.0,13.0,14.0,70.0,75.0,1
5.0,6.0,3.0,4.0,40.0,45.0,1
9.0,10.0,2.0,3.0,25.0,30.0,25
3.0,4.0,13.0,14.0,50.0,55.0,1
9.0,10.0,3.0,4.0,35.0,40.0,57
9.0,10.0,15.0,16.0,85.0,90.0,18
9.0,10.0,14.0,15.0,70.0,75.0,127
9.0,10.0,1.0,2.0,65.0,70.0,79
5.0,6.0,12.0,13.0,20.0,25.0,1
4.0,5.0,9.0,10.0,15.0,20.0,6
7.0,8.0,9.0,10.0,75.0,80.0,75
11.0,12.000000099999999,14.0,15.0,85.0,90.0,15
7.0,8.0,12.0,13.0,70.0,75.0,12
9.0,10.0,13.0,14.0,65.0,70.0,305
8.0,9.0,11.0,12.0,45.0,50.0,176
6.0,7.0,12.0,13.0,20.0,25.0,16
9.0,10.0,8.0,9.0,55.0,60.0,151
6.0,7.0,11.0,12.0,15.0,20.0,88
5.0,6.0,11.0,12.0,90.0,95.0,1
6.0,7.0,15.0,16.0,30.0,35.0,1
9.0,10.0,9.0,10.0,85.0,90.0,719
10.0,11.0,13.0,14.0,25.0,30.0,3856
5.0,6.0,8.0,9.0,50.0,55.0,1
3.0,4.0,14.0,15.0,85.0,90.0,1
9.0,10.0,7.0,8.0,40.0,45.0,122
9.0,10.0,12.0,13.0,70.0,75.0,152
5.0,6.0,7.0,8.0,50.0,55.0,3
0.0,1.0,13.0,14.0,15.0,20.0,11
7.0,8.0,5.0,6.0,40.0,45.0,5
7.0,8.0,4.0,5.0,40.0,45.0,9
6.0,7.0,15.0,16.0,20.0,25.0,1
4.0,5.0,10.0,11.0,60.0,65.0,1
11.0,12.000000099999999,3.0,4.0,35.0,40.0,5
4.0,5.0,11.0,12.0,75.0,80.0,1
0.0,1.0,2.0,3.0,60.0,65.0,13
5.0,6.0,3.0,4.0,60.0,65.0,1
6.0,7.0,5.0,6.0,40.0,45.0,6
6.0,7.0,15.0,16.0,60.0,65.0,3
10.0,11.0,10.0,11.0,40.0,45.0,844
10.0,11.0,8.0,9.0,40.0,45.0,290
5.0,6.0,13.0,14.0,20.0,25.0,8
9.0,10.0,14.0,15.0,65.0,70.0,137
5.0,6.0,9.0,10.0,75.0,80.0,7
0.0,1.0,11.0,12.0,55.0,60.0,139
10.0,11.0,9.0,10.0,85.0,90.0,272
8.0,9.0,8.0,9.0,55.0,60.0,70
0.0,1.0,10.0,11.0,50.0,55.0,65
10.0,11.0,4.0,5.0,45.0,50.0,94
0.0,1.0,8.0,9.0,70.0,75.0,21
5.0,6.0,7.0,8.0,30.0,35.0,1
6.0,7.0,11.0,12.0,35.0,40.0,28
6.0,7.0,10.0,11.0,65.0,70.0,2
7.0,8.0,13.0,14.0,70.0,75.0,12
8.0,9.0,8.0,9.0,60.0,65.0,82
10.0,11.0,9.0,10.0,30.0,35.0,2845
10.0,11.0,7.0,8.0,85.0,90.0,19
5.0,6.0,10.0,11.0,40.0,45.0,5
0.0,1.0,10.0,11.0,30.0,35.0,113
9.0,10.0,7.0,8.0,35.0,40.0,140
4.0,5.0,8.0,9.0,55.0,60.0,2
9.0,10.0,13.0,14.0,45.0,50.0,572
10.0,11.0,7.0,8.0,45.0,50.0,101
9.0,10.0,14.0,15.0,20.0,25.0,83
6.0,7.0,5.0,6.0,85.0,90.0,3
7.0,8.0,5.0,6.0,35.0,40.0,11
0.0,1.0,2.0,3.0,80.0,85.0,6
7.0,8.0,1.0,2.0,60.0,65.0,8
11.0,12.000000099999999,2.0,3.0,40.0,45.0,2
6.0,7.0,11.0,12.0,50.0,55.0,14
11.0,12.000000099999999,4.0,5.0,90.0,95.0,2
7.0,8.0,14.0,15.0,65.0,70.0,12
7.0,8.0,2.0,3.0,35.0,40.0,4
6.0,7.0,13.0,14.0,80.0,85.0,1
11.0,12.000000099999999,14.0,15.0,80.0,85.0,36
0.0,1.0,1.0,2.0,20.0,25.0,33
10.0,11.0,8.0,9.0,65.0,70.0,96
0.0,1.0,11.0,12.0,70.0,75.0,31
0.0,1.0,2.0,3.0,55.0,60.0,19
8.0,9.0,16.0,17.000000100000001,30.0,35.0,9
8.0,9.0,12.0,13.0,90.0,95.0,11
10.0,11.0,9.0,10.0,55.0,60.0,1988
0.0,1.0,16.0,17.000000100000001,80.0,85.0,4
6.0,7.0,11.0,12.0,80.0,85.0,1
0.0,1.0,6.0,7.0,50.0,55.0,49
5.0,6.0,3.0,4.0,15.0,20.0,2
9.0,10.0,7.0,8.0,45.0,50.0,84
10.0,11.0,7.0,8.0,80.0,85.0,38
11.0,12.000000099999999,12.0,13.0,55.0,60.0,159
9.0,10.0,2.0,3.0,80.0,85.0,27
10.0,11.0,3.0,4.0,70.0,75.0,27
0.0,1.0,4.0,5.0,65.0,70.0,33
8.0,9.0,9.0,10.0,20.0,25.0,865
0.0,1.0,13.0,14.0,80.0,85.0,25
11.0,12.000000099999999,2.0,3.0,85.0,90.0,2
11.0,12.000000099999999,1.0,2.0,65.0,70.0,4
7.0,8.0,13.0,14.0,20.0,25.0,166
8.0,9.0,14.0,15.0,30.0,35.0,87
11.0,12.000000099999999,9.0,10.0,80.0,85.0,79
5.0,6.0,10.0,11.0,15.0,20.0,37
8.0,9.0,13.0,14.0,30.0,35.0,235
9.0,10.0,7.0,8.0,30.0,35.0,118
11.0,12.000000099999999,13.0,14.0,30.0,35.0,1473
0.0,1.0,7.0,8.0,25.0,30.0,50
0.0,1.0,6.0,7.0,25.0,30.0,53
9.0,10.0,1.0,2.0,20.0,25.0,41
9.0,10.0,9.0,10.0,55.0,60.0,1110
6.0,7.0,4.0,5.0,60.0,65.0,10
8.0,9.0,9.0,10.0,25.0,30.0,463
7.0,8.0,11.0,12.0,15.0,20.0,265
0.0,1.0,5.0,6.0,50.0,55.0,35
0.0,1.0,2.0,3.0,30.0,35.0,5
0.0,1.0,16.0,17.000000100000001,75.0,80.0,1
5.0,6.0,7.0,8.0,15.0,20.0,27
10.0,11.0,15.0,16.0,30.0,35.0,298
7.0,8.0,4.0,5.0,15.0,20.0,11
9.0,10.0,14.0,15.0,45.0,50.0,239
8.0,9.0,13.0,14.0,65.0,70.0,140
9.0,10.0,14.0,15.0,60.0,65.0,113
10.0,11.0,15.0,16.0,35.0,40.0,234
10.0,11.0,4.0,5.0,80.0,85.0,62
11.0,12.000000099999999,1.0,2.0,25.0,30.0,1
7.0,8.0,13.0,14.0,30.0,35.0,69
8.0,9.0,11.0,12.0,20.0,25.0,2003
8.0,9.0,1.0,2.0,65.0,70.0,88
2.0,3.0,9.0,10.0,15.0,20.0,3
10.0,11.0,4.0,5.0,70.0,75.0,81
9.0,10.0,6.0,7.0,25.0,30.0,101
11.0,12.000000099999999,9.0,10.0,60.0,65.0,240
9.0,10.0,1.0,2.0,30.0,35.0,49
9.0,10.0,16.0,17.000000100000001,40.0,45.0,23
9.0,10.0,5.0,6.0,80.0,85.0,209
7.0,8.0,8.0,9.0,60.0,65.0,15
4.0,5.0,11.0,12.0,60.0,65.0,5
9.0,10.0,2.0,3.0,45.0,50.0,47
8.0,9.0,2.0,3.0,60.0,65.0,43
11.0,12.000000099999999,15.0,16.0,30.0,35.0,223
7.0,8.0,4.0,5.0,60.0,65.0,18
10.0,11.0,15.0,16.0,20.0,25.0,12
9.0,10.0,15.0,16.0,65.0,70.0,38
0.0,1.0,11.0,12.0,25.0,30.0,190
10.0,11.0,7.0,8.0,75.0,80.0,48
8.0,9.0,10.0,11.0,45.0,50.0,99
0.0,1.0,16.0,17.000000100000001,55.0,60.0,7
10.0,11.0,11.0,12.0,50.0,55.0,1315
5.0,6.0,13.0,14.0,60.0,65.0,2
7.0,8.0,1.0,2.0,30.0,35.0,5
5.0,6.0,10.0,11.0,80.0,85.0,1
7.0,8.0,5.0,6.0,15.0,20.0,23
9.0,10.0,12.0,13.0,55.0,60.0,194
6.0,7.0,6.0,7.0,60.0,65.0,6
11.0,12.000000099999999,16.0,17.000000100000001,35.0,40.0,199
11.0,12.000000099999999,2.0,3.0,20.0,25.0,1
0.0,1.0,4.0,5.0,70.0,75.0,26
11.0,12.000000099999999,8.0,9.0,80.0,85.0,16
9.0,10.0,1.0,2.0,70.0,75.0,69
11.0,12.000000099999999,13.0,14.0,20.0,25.0,58
9.0,10.0,5.0,6.0,40.0,45.0,88
10.0,11.0,13.0,14.0,60.0,65.0,623
0.0,1.0,12.0,13.0,30.0,35.0,168
7.0,8.0,11.0,12.0,65.0,70.0,10
9.0,10.0,13.0,14.0,70.0,75.0,289
4.0,5.0,8.0,9.0,60.0,65.0,1
0.0,1.0,12.0,13.0,85.0,90.0,5
11.0,12.000000099999999,11.0,12.0,75.0,80.0,63
5.0,6.0,8.0,9.0,15.0,20.0,9
11.0,12.000000099999999,16.0,17.000000100000001,65.0,70.0,120
8.0,9.0,13.0,14.0,40.0,45.0,249
0.0,1.0,11.0,12.0,50.0,55.0,146
10.0,11.0,10.0,11.0,25.0,30.0,575
11.0,12.000000099999999,11.0,12.0,20.0,25.0,43
9.0,10.0,6.0,7.0,45.0,50.0,121
10.0,11.0,3.0,4.0,30.0,35.0,32
9.0,10.0,3.0,4.0,30.0,35.0,61
9.0,10.0,10.0,11.0,40.0,45.0,371
9.0,10.0,7.0,8.0,60.0,65.0,90
4.0,5.0,9.0,10.0,45.0,50.0,6
6.0,7.0,5.0,6.0,70.0,75.0,4
0.0,1.0,15.0,16.0,75.0,80.0,5
0.0,1.0,15.0,16.0,55.0,60.0,11
10.0,11.0,12.0,13.0,15.0,20.0,3
10.0,11.0,13.0,14.0,45.0,50.0,2113
5.0,6.0,6.0,7.0,55.0,60.0,6
0.0,1.0,7.0,8.0,70.0,75.0,12
5.0,6.0,10.0,11.0,35.0,40.0,3
4.0,5.0,13.0,14.0,35.0,40.0,12
11.0,12.000000099999999,1.0,2.0,60.0,65.0,7
9.0,10.0,5.0,6.0,75.0,80.0,211
11.0,12.000000099999999,8.0,9.0,85.0,90.0,6
8.0,9.0,8.0,9.0,20.0,25.0,120
9.0,10.0,15.0,16.0,40.0,45.0,54
11.0,12.000000099999999,3.0,4.0,70.0,75.0,6
7.0,8.0,11.0,12.0,30.0,35.0,41
7.0,8.0,1.0,2.0,90.0,95.0,1
9.0,10.0,6.0,7.0,35.0,40.0,134
9.0,10.0,3.0,4.0,20.0,25.0,41
11.0,12.000000099999999,10.0,11.0,20.0,25.0,14
8.0,9.0,2.0,3.0,20.0,25.0,9
10.0,11.0,3.0,4.0,55.0,60.0,47
7.0,8.0,12.0,13.0,60.0,65.0,12
6.0,7.0,13.0,14.0,55.0,60.0,13
7.0,8.0,8.0,9.0,30.0,35.0,16
11.0,12.000000099999999,7.0,8.0,40.0,45.0,19
9.0,10.0,14.0,15.0,75.0,80.0,82
2.0,3.0,14.0,15.0,35.0,40.0,1
4.0,5.0,9.0,10.0,55.0,60.0,5
11.0,12.000000099999999,1.0,2.0,70.0,75.0,2
10.0,11.0,9.0,10.0,50.0,55.0,2337
11.0,12.000000099999999,4.0,5.0,25.0,30.0,1
6.0,7.0,14.0,15.0,45.0,50.0,15
6.0,7.0,9.0,10.0,75.0,80.0,13
7.0,8.0,13.0,14.0,60.0,65.0,30
6.0,7.0,14.0,15.0,60.0,65.0,6
0.0,1.0,15.0,16.0,50.0,55.0,11
11.0,12.000000099999999,3.0,4.0,80.0,85.0,6
10.0,11.0,5.0,6.0,85.0,90.0,24
0.0,1.0,4.0,5.0,20.0,25.0,33
0.0,1.0,1.0,2.0,15.0,20.0,17
10.0,11.0,4.0,5.0,55.0,60.0,135
9.0,10.0,1.0,2.0,60.0,65.0,67
7.0,8.0,8.0,9.0,65.0,70.0,12
8.0,9.0,1.0,2.0,15.0,20.0,8
11.0,12.000000099999999,5.0,6.0,75.0,80.0,9
7.0,8.0,11.0,12.0,90.0,95.0,1
5.0,6.0,5.0,6.0,25.0,30.0,5
9.0,10.0,10.0,11.0,15.0,20.0,214
7.0,8.0,11.0,12.0,20.0,25.0,716
11.0,12.000000099999999,12.0,13.0,30.0,35.0,141
11.0,12.000000099999999,16.0,17.000000100000001,70.0,75.0,71
11.0,12.000000099999999,4.0,5.0,50.0,55.0,11
10.0,11.0,8.0,9.0,55.0,60.0,182
6.0,7.0,5.0,6.0,35.0,40.0,6
9.0,10.0,16.0,17.000000100000001,50.0,55.0,30
8.0,9.0,2.0,3.0,30.0,35.0,8
10.0,11.0,14.0,15.0,85.0,90.0,48
0.0,1.0,7.0,8.0,20.0,25.0,108
11.0,12.000000099999999,14.0,15.0,90.0,95.0,8
1.0,2.0,11.0,12.0,40.0,45.0,3
9.0,10.0,11.0,12.0,30.0,35.0,653
11.0,12.000000099999999,14.0,15.0,45.0,50.0,1204
0.0,1.0,10.0,11.0,75.0,80.0,15
7.0,8.0,13.0,14.0,45.0,50.0,70
10.0,11.0,1.0,2.0,20.0,25.0,12
8.0,9.0,11.0,12.0,40.0,45.0,193
11.0,12.000000099999999,8.0,9.0,60.0,65.0,19
6.0,7.0,6.0,7.0,15.0,20.0,36
11.0,12.000000099999999,16.0,17.000000100000001,30.0,35.0,137
9.0,10.0,4.0,5.0,20.0,25.0,46
5.0,6.0,10.0,11.0,70.0,75.0,1
0.0,1.0,5.0,6.0,20.0,25.0,64
5.0,6.0,14.0,15.0,35.0,40.0,5
0.0,1.0,13.0,14.0,55.0,60.0,133
9.0,10.0,10.0,11.0,65.0,70.0,190
11.0,12.000000099999999,5.0,6.0,70.0,75.0,9
11.0,12.000000099999999,14.0,15.0,65.0,70.0,190
4.0,5.0,13.0,14.0,75.0,80.0,1
6.0,7.0,3.0,4.0,35.0,40.0,2
8.0,9.0,9.0,10.0,45.0,50.0,456
10.0,11.0,10.0,11.0,75.0,80.0,136
1.0,2.0,13.0,14.0,65.0,70.0,1
6.0,7.0,14.0,15.0,25.0,30.0,8
11.0,12.000000099999999,5.0,6.0,25.0,30.0,4
10.0,11.0,7.0,8.0,50.0,55.0,89
11.0,12.000000099999999,15.0,16.0,75.0,80.0,53
8.0,9.0,16.0,17.000000100000001,60.0,65.0,8
8.0,9.0,1.0,2.0,35.0,40.0,48
5.0,6.0,8.0,9.0,70.0,75.0,1
9.0,10.0,10.0,11.0,35.0,40.0,359
8.0,9.0,6.0,7.0,30.0,35.0,55
9.0,10.0,3.0,4.0,75.0,80.0,84
11.0,12.000000099999999,3.0,4.0,90.0,95.0,1
9.0,10.0,3.0,4.0,60.0,65.0,79
4.0,5.0,4.0,5.0,45.0,50.0,1
9.0,10.0,15.0,16.0,45.0,50.0,53
5.0,6.0,5.0,6.0,45.0,50.0,1
2.0,3.0,11.0,12.0,70.0,75.0,1
11.0,12.000000099999999,6.0,7.0,85.0,90.0,4
0.0,1.0,4.0,5.0,15.0,20.0,24
6.0,7.0,6.0,7.0,20.0,25.0,13
7.0,8.0,3.0,4.0,55.0,60.0,6
11.0,12.000000099999999,9.0,10.0,20.0,25.0,23
11.0,12.000000099999999,2.0,3.0,70.0,75.0,1
8.0,9.0,4.0,5.0,15.0,20.0,19
6.0,7.0,2.0,3.0,15.0,20.0,2
9.0,10.0,5.0,6.0,25.0,30.0,101
3.0,4.0,15.0,16.0,60.0,65.0,1
0.0,1.0,5.0,6.0,30.0,35.0,52
11.0,12.000000099999999,13.0,14.0,60.0,65.0,434
9.0,10.0,6.0,7.0,80.0,85.0,194
8.0,9.0,14.0,15.0,80.0,85.0,29
6.0,7.0,8.0,9.0,55.0,60.0,3
9.0,10.0,13.0,14.0,50.0,55.0,502
8.0,9.0,11.0,12.0,70.0,75.0,170
10.0,11.0,9.0,10.0,65.0,70.0,1042
10.0,11.0,11.0,12.0,25.0,30.0,1271
10.0,11.0,2.0,3.0,85.0,90.0,1
9.0,10.0,10.0,11.0,30.0,35.0,389
10.0,11.0,15.0,16.0,55.0,60.0,115
10.0,11.0,12.0,13.0,65.0,70.0,181
10.0,11.0,15.0,16.0,85.0,90.0,26
7.0,8.0,12.0,13.0,30.0,35.0,37
10.0,11.0,1.0,2.0,80.0,85.0,11
8.0,9.0,1.0,2.0,80.0,85.0,69
4.0,5.0,7.0,8.0,60.0,65.0,1
0.0,1.0,8.0,9.0,15.0,20.0,151
6.0,7.0,1.0,2.0,25.0,30.0,1
11.0,12.000000099999999,12.0,13.0,90.0,95.0,3
3.0,4.0,8.0,9.0,50.0,55.0,2
1.0,2.0,13.0,14.0,40.0,45.0,1
8.0,9.0,8.0,9.0,15.0,20.0,175
11.0,12.000000099999999,7.0,8.0,50.0,55.0,11
10.0,11.0,13.0,14.0,20.0,25.0,1271
10.0,11.0,7.0,8.0,55.0,60.0,106
11.0,12.000000099999999,8.0,9.0,15.0,20.0,1
7.0,8.0,2.0,3.0,70.0,75.0,2
0.0,1.0,5.0,6.0,70.0,75.0,31
0.0,1.0,9.0,10.0,40.0,45.0,562
10.0,11.0,4.0,5.0,85.0,90.0,38
0.0,1.0,10.0,11.0,45.0,50.0,82
0.0,1.0,13.0,14.0,60.0,65.0,107
8.0,9.0,4.0,5.0,35.0,40.0,53
0.0,1.0,2.0,3.0,70.0,75.0,4
10.0,11.0,9.0,10.0,15.0,20.0,99
4.0,5.0,12.0,13.0,40.0,45.0,2
7.0,8.0,16.0,17.000000100000001,60.0,65.0,5
9.0,10.0,9.0,10.0,50.0,55.0,1258
10.0,11.0,7.0,8.0,20.0,25.0,59
8.0,9.0,2.0,3.0,45.0,50.0,21
9.0,10.0,10.0,11.0,70.0,75.0,186
11.0,12.000000099999999,10.0,11.0,40.0,45.0,198
4.0,5.0,9.0,10.0,50.0,55.0,9
5.0,6.0,12.0,13.0,50.0,55.0,3
11.0,12.000000099999999,8.0,9.0,40.0,45.0,43
11.0,12.000000099999999,15.0,16.0,60.0,65.0,146
0.0,1.0,3.0,4.0,15.0,20.0,16
8.0,9.0,14.0,15.0,75.0,80.0,24
9.0,10.0,11.0,12.0,60.0,65.0,297
9.0,10.0,3.0,4.0,90.0,95.0,62
11.0,12.000000099999999,4.0,5.0,40.0,45.0,13
2.0,3.0,13.0,14.0,25.0,30.0,1
6.0,7.0,6.0,7.0,50.0,55.0,7
6.0,7.0,7.0,8.0,50.0,55.0,2
4.0,5.0,4.0,5.0,50.0,55.0,1
7.0,8.0,5.0,6.0,80.0,85.0,6
10.0,11.0,3.0,4.0,90.0,95.0,6
0.0,1.0,9.0,10.0,65.0,70.0,168
11.0,12.000000099999999,13.0,14.0,85.0,90.0,44
10.0,11.0,8.0,9.0,15.0,20.0,17
8.0,9.0,3.0,4.0,40.0,45.0,32
10.0,11.0,7.0,8.0,25.0,30.0,78
7.0,8.0,7.0,8.0,30.0,35.0,16
11.0,12.000000099999999,6.0,7.0,80.0,85.0,6
10.0,11.0,14.0,15.0,35.0,40.0,946
6.0,7.0,13.0,14.0,50.0,55.0,26
11.0,12.000000099999999,8.0,9.0,65.0,70.0,20
4.0,5.0,10.0,11.0,30.0,35.0,2
2.0,3.0,10.0,11.0,45.0,50.0,1
6.0,7.0,9.0,10.0,85.0,90.0,1
4.0,5.0,14.0,15.0,45.0,50.0,6
11.0,12.000000099999999,4.0,5.0,65.0,70.0,13
6.0,7.0,12.0,13.0,85.0,90.0,2
6.0,7.0,9.0,10.0,45.0,50.0,40
4.0,5.0,4.0,5.0,25.0,30.0,1
1.0,2.0,11.0,12.0,30.0,35.0,2
11.0,12.000000099999999,16.0,17.000000100000001,80.0,85.0,23
9.0,10.0,3.0,4.0,85.0,90.0,97
0.0,1.0,14.0,15.0,50.0,55.0,94
5.0,6.0,12.0,13.0,75.0,80.0,1
0.0,1.0,15.0,16.0,65.0,70.0,6
9.0,10.0,7.0,8.0,15.0,20.0,170
8.0,9.0,5.0,6.0,65.0,70.0,80
4.0,5.0,9.0,10.0,80.0,85.0,1
2.0,3.0,3.0,4.0,80.0,85.0,1
7.0,8.0,9.0,10.0,15.0,20.0,347
9.0,10.0,4.0,5.0,60.0,65.0,139
6.0,7.0,4.0,5.0,50.0,55.0,1
8.0,9.0,10.0,11.0,65.0,70.0,71
11.0,12.000000099999999,12.0,13.0,75.0,80.0,16
7.0,8.0,3.0,4.0,30.0,35.0,1
0.0,1.0,14.0,15.0,25.0,30.0,115
6.0,7.0,11.0,12.0,75.0,80.0,4
8.0,9.0,8.0,9.0,30.0,35.0,86
11.0,12.000000099999999,12.0,13.0,85.0,90.0,4
0.0,1.0,6.0,7.0,55.0,60.0,57
7.0,8.0,13.0,14.0,40.0,45.0,80
10.0,11.0,12.0,13.0,60.0,65.0,272
0.0,1.0,13.0,14.0,75.0,80.0,31
8.0,9.0,3.0,4.0,75.0,80.0,45
10.0,11.0,14.0,15.0,65.0,70.0,353
6.0,7.0,1.0,2.0,60.0,65.0,4
10.0,11.0,3.0,4.0,45.0,50.0,48
0.0,1.0,7.0,8.0,85.0,90.0,5
8.0,9.0,10.0,11.0,90.0,95.0,9
11.0,12.000000099999999,14.0,15.0,25.0,30.0,231
1.0,2.0,10.0,11.0,50.0,55.0,1
10.0,11.0,15.0,16.0,75.0,80.0,44
7.0,8.0,5.0,6.0,55.0,60.0,7
8.0,9.0,8.0,9.0,40.0,45.0,79
0.0,1.0,5.0,6.0,45.0,50.0,44
6.0,7.0,3.0,4.0,70.0,75.0,1
0.0,1.0,12.0,13.0,90.0,95.0,4
9.0,10.0,16.0,17.000000100000001,90.0,95.0,7
10.0,11.0,1.0,2.0,30.0,35.0,34
8.0,9.0,7.0,8.0,70.0,75.0,73
6.0,7.0,12.0,13.0,60.0,65.0,6
4.0,5.0,9.0,10.0,25.0,30.0,4
5.0,6.0,14.0,15.0,40.0,45.0,8
7.0,8.0,14.0,15.0,70.0,75.0,3
4.0,5.0,15.0,16.0,40.0,45.0,3
0.0,1.0,2.0,3.0,35.0,40.0,6
9.0,10.0,12.0,13.0,65.0,70.0,148
6.0,7.0,7.0,8.0,60.0,65.0,11
11.0,12.000000099999999,2.0,3.0,55.0,60.0,5
9.0,10.0,5.0,6.0,30.0,35.0,99
7.0,8.0,5.0,6.0,30.0,35.0,8
7.0,8.0,13.0,14.0,35.0,40.0,79
10.0,11.0,3.0,4.0,50.0,55.0,60
7.0,8.0,12.0,13.0,80.0,85.0,1
7.0,8.0,5.0,6.0,50.0,55.0,6
9.0,10.0,16.0,17.000000100000001,30.0,35.0,48
10.0,11.0,13.0,14.0,40.0,45.0,2245
8.0,9.0,2.0,3.0,50.0,55.0,32
0.0,1.0,9.0,10.0,25.0,30.0,457
10.0,11.0,10.0,11.0,80.0,85.0,71
7.0,8.0,12.0,13.0,25.0,30.0,26
8.0,9.0,14.0,15.0,90.0,95.0,8
10.0,11.0,13.0,14.0,90.0,95.0,41
0.0,1.0,10.0,11.0,55.0,60.0,82
8.0,9.0,13.0,14.0,15.0,20.0,3
10.0,11.0,1.0,2.0,55.0,60.0,36
10.0,11.0,10.0,11.0,70.0,75.0,174
6.0,7.0,10.0,11.0,20.0,25.0,20
7.0,8.0,15.0,16.0,30.0,35.0,1
10.0,11.0,11.0,12.0,45.0,50.0,1495
10.0,11.0,16.0,17.000000100000001,40.0,45.0,147
0.0,1.0,4.0,5.0,50.0,55.0,49
4.0,5.0,6.0,7.0,40.0,45.0,1
9.0,10.0,14.0,15.0,30.0,35.0,250
8.0,9.0,9.0,10.0,40.0,45.0,530
0.0,1.0,11.0,12.0,20.0,25.0,651
8.0,9.0,9.0,10.0,70.0,75.0,900
11.0,12.000000099999999,4.0,5.0,55.0,60.0,24
0.0,1.0,14.0,15.0,80.0,85.0,15
6.0,7.0,1.0,2.0,50.0,55.0,13
8.0,9.0,11.0,12.0,35.0,40.0,193
6.0,7.0,10.0,11.0,30.0,35.0,12
6.0,7.0,14.0,15.0,55.0,60.0,5
11.0,12.000000099999999,9.0,10.0,85.0,90.0,43
10.0,11.0,5.0,6.0,75.0,80.0,55
4.0,5.0,3.0,4.0,40.0,45.0,1
0.0,1.0,4.0,5.0,30.0,35.0,45
4.0,5.0,7.0,8.0,80.0,85.0,1
6.0,7.0,12.0,13.0,35.0,40.0,20
9.0,10.0,9.0,10.0,25.0,30.0,1429
7.0,8.0,2.0,3.0,50.0,55.0,2
10.0,11.0,13.0,14.0,85.0,90.0,131
9.0,10.0,13.0,14.0,30.0,35.0,721
2.0,3.0,14.0,15.0,55.0,60.0,1
6.0,7.0,10.0,11.0,50.0,55.0,3
6.0,7.0,4.0,5.0,55.0,60.0,8
7.0,8.0,3.0,4.0,35.0,40.0,4
10.0,11.0,10.0,11.0,60.0,65.0,288
6.0,7.0,4.0,5.0,25.0,30.0,4
0.0,1.0,13.0,14.0,50.0,55.0,182
8.0,9.0,3.0,4.0,85.0,90.0,45
10.0,11.0,13.0,14.0,70.0,75.0,438
5.0,6.0,9.0,10.0,45.0,50.0,10
2.0,3.0,4.0,5.0,55.0,60.0,1
8.0,9.0,14.0,15.0,65.0,70.0,47
9.0,10.0,11.0,12.0,20.0,25.0,1766
0.0,1.0,10.0,11.0,85.0,90.0,8
10.0,11.0,1.0,2.0,70.0,75.0,12
11.0,12.000000099999999,10.0,11.0,30.0,35.0,97
0.0,1.0,10.0,11.0,20.0,25.0,106
11.0,12.000000099999999,2.0,3.0,25.0,30.0,2
10.0,11.0,7.0,8.0,35.0,40.0,123
6.0,7.0,10.0,11.0,25.0,30.0,13
4.0,5.0,1.0,2.0,45.0,50.0,2
8.0,9.0,10.0,11.0,40.0,45.0,137
0.0,1.0,8.0,9.0,30.0,35.0,109
10.0,11.0,11.0,12.0,75.0,80.0,280
3.0,4.0,12.0,13.0,40.0,45.0,3
9.0,10.0,15.0,16.0,75.0,80.0,45
11.0,12.000000099999999,16.0,17.000000100000001,55.0,60.0,274
11.0,12.000000099999999,10.0,11.0,50.0,55.0,186
0.0,1.0,6.0,7.0,40.0,45.0,42
11.0,12.000000099999999,11.0,12.0,90.0,95.0,10
6.0,7.0,12.0,13.0,15.0,20.0,1
2.0,3.0,11.0,12.0,40.0,45.0,5
11.0,12.000000099999999,5.0,6.0,65.0,70.0,8
9.0,10.0,11.0,12.0,25.0,30.0,743
10.0,11.0,6.0,7.0,60.0,65.0,98
3.0,4.0,5.0,6.0,15.0,20.0,1
9.0,10.0,10.0,11.0,45.0,50.0,320
6.0,7.0,10.0,11.0,35.0,40.0,12
8.0,9.0,6.0,7.0,20.0,25.0,79
9.0,10.0,10.0,11.0,85.0,90.0,61
5.0,6.0,9.0,10.0,80.0,85.0,1
0.0,1.0,11.0,12.0,75.0,80.0,23
11.0,12.000000099999999,6.0,7.0,90.0,95.0,1
2.0,3.0,13.0,14.0,60.0,65.0,1
2.0,3.0,9.0,10.0,25.0,30.0,1
8.0,9.0,3.0,4.0,55.0,60.0,42
8.0,9.0,15.0,16.0,80.0,85.0,9
7.0,8.0,8.0,9.0,40.0,45.0,13
3.0,4.0,11.0,12.0,45.0,50.0,3
0.0,1.0,8.0,9.0,20.0,25.0,121
8.0,9.0,16.0,17.000000100000001,90.0,95.0,3
9.0,10.0,13.0,14.0,40.0,45.0,617
11.0,12.000000099999999,9.0,10.0,15.0,20.0,8
1.0,2.0,11.0,12.0,50.0,55.0,1
8.0,9.0,5.0,6.0,70.0,75.0,122
8.0,9.0,3.0,4.0,30.0,35.0,30
0.0,1.0,7.0,8.0,90.0,95.0,4
9.0,10.0,6.0,7.0,60.0,65.0,141
10.0,11.0,16.0,17.000000100000001,75.0,80.0,38
0.0,1.0,2.0,3.0,20.0,25.0,8
4.0,5.0,3.0,4.0,45.0,50.0,1
7.0,8.0,4.0,5.0,65.0,70.0,12
0.0,1.0,14.0,15.0,65.0,70.0,20
10.0,11.0,2.0,3.0,60.0,65.0,26
11.0,12.000000099999999,11.0,12.0,55.0,60.0,275
6.0,7.0,7.0,8.0,40.0,45.0,5
8.0,9.0,9.0,10.0,90.0,95.0,139
6.0,7.0,16.0,17.000000100000001,30.0,35.0,2
11.0,12.000000099999999,2.0,3.0,30.0,35.0,1
5.0,6.0,5.0,6.0,50.0,55.0,1
5.0,6.0,1.0,2.0,30.0,35.0,1
7.0,8.0,10.0,11.0,20.0,25.0,46
6.0,7.0,14.0,15.0,30.0,35.0,10
10.0,11.0,3.0,4.0,35.0,40.0,37
2.0,3.0,13.0,14.0,30.0,35.0,2
6.0,7.0,8.0,9.0,20.0,25.0,15
5.0,6.0,13.0,14.0,35.0,40.0,24
9.0,10.0,16.0,17.000000100000001,75.0,80.0,16
10.0,11.0,2.0,3.0,65.0,70.0,11
9.0,10.0,8.0,9.0,20.0,25.0,216
0.0,1.0,16.0,17.000000100000001,50.0,55.0,9
4.0,5.0,9.0,10.0,35.0,40.0,7
9.0,10.0,16.0,17.000000100000001,20.0,25.0,5
10.0,11.0,1.0,2.0,25.0,30.0,25
5.0,6.0,15.0,16.0,50.0,55.0,2
11.0,12.000000099999999,14.0,15.0,55.0,60.0,771
5.0,6.0,2.0,3.0,35.0,40.0,1
4.0,5.0,5.0,6.0,35.0,40.0,1
8.0,9.0,4.0,5.0,45.0,50.0,104
2.0,3.0,14.0,15.0,45.0,50.0,1
10.0,11.0,16.0,17.000000100000001,70.0,75.0,53
9.0,10.0,2.0,3.0,20.0,25.0,15
10.0,11.0,14.0,15.0,60.0,65.0,460
10.0,11.0,6.0,7.0,20.0,25.0,51
5.0,6.0,8.0,9.0,60.0,65.0,1
5.0,6.0,9.0,10.0,55.0,60.0,17
4.0,5.0,8.0,9.0,85.0,90.0,1
10.0,11.0,3.0,4.0,20.0,25.0,11
0.0,1.0,2.0,3.0,40.0,45.0,12
5.0,6.0,9.0,10.0,60.0,65.0,17
4.0,5.0,1.0,2.0,30.0,35.0,1
1.0,2.0,1.0,2.0,60.0,65.0,1
1.0,2.0,4.0,5.0,20.0,25.0,1
11.0,12.000000099999999,13.0,14.0,55.0,60.0,759
11.0,12.000000099999999,16.0,17.000000100000001,60.0,65.0,175
3.0,4.0,15.0,16.0,30.0,35.0,1
10.0,11.0,1.0,2.0,50.0,55.0,59
6.0,7.0,6.0,7.0,45.0,50.0,1
7.0,8.0,4.0,5.0,90.0,95.0,7
9.0,10.0,1.0,2.0,15.0,20.0,5
10.0,11.0,5.0,6.0,45.0,50.0,93
2.0,3.0,5.0,6.0,55.0,60.0,1
10.0,11.0,2.0,3.0,20.0,25.0,5
0.0,1.0,2.0,3.0,15.0,20.0,7
4.0,5.0,11.0,12.0,45.0,50.0,5
8.0,9.0,8.0,9.0,45.0,50.0,53
4.0,5.0,15.0,16.0,50.0,55.0,1
11.0,12.000000099999999,15.0,16.0,90.0,95.0,6
5.0,6.0,7.0,8.0,60.0,65.0,1
9.0,10.0,2.0,3.0,30.0,35.0,19
4.0,5.0,13.0,14.0,25.0,30.0,7
8.0,9.0,2.0,3.0,15.0,20.0,5
0.0,1.0,1.0,2.0,75.0,80.0,22
6.0,7.0,9.0,10.0,35.0,40.0,85
6.0,7.0,14.0,15.0,75.0,80.0,1
8.0,9.0,16.0,17.000000100000001,75.0,80.0,3
7.0,8.0,6.0,7.0,50.0,55.0,5
11.0,12.000000099999999,8.0,9.0,90.0,95.0,2
9.0,10.0,10.0,11.0,75.0,80.0,187
0.0,1.0,16.0,17.000000100000001,70.0,75.0,2
9.0,10.0,11.0,12.0,40.0,45.0,650
0.0,1.0,11.0,12.0,85.0,90.0,13
6.0,7.0,9.0,10.0,65.0,70.0,4
6.0,7.0,11.0,12.0,25.0,30.0,21
4.0,5.0,12.0,13.0,35.0,40.0,7
6.0,7.0,4.0,5.0,35.0,40.0,7
9.0,10.0,11.0,12.0,90.0,95.0,73
4.0,5.0,6.0,7.0,55.0,60.0,2
11.0,12.000000099999999,16.0,17.000000100000001,25.0,30.0,27
8.0,9.0,7.0,8.0,50.0,55.0,37
11.0,12.000000099999999,10.0,11.0,55.0,60.0,121
6.0,7.0,2.0,3.0,45.0,50.0,2
3.0,4.0,11.0,12.0,55.0,60.0,1
7.0,8.0,2.0,3.0,75.0,80.0,1
7.0,8.0,6.0,7.0,15.0,20.0,59
9.0,10.0,9.0,10.0,45.0,50.0,1338
9.0,10.0,3.0,4.0,65.0,70.0,75
9.0,10.0,13.0,14.0,60.0,65.0,260
0.0,1.0,13.0,14.0,25.0,30.0,344
7.0,8.0,14.0,15.0,60.0,65.0,14
9.0,10.0,1.0,2.0,35.0,40.0,79
8.0,9.0,16.0,17.000000100000001,45.0,50.0,12
4.0,5.0,15.0,16.0,35.0,40.0,2
0.0,1.0,6.0,7.0,15.0,20.0,105
9.0,10.0,6.0,7.0,30.0,35.0,134
0.0,1.0,5.0,6.0,65.0,70.0,13
5.0,6.0,12.0,13.0,55.0,60.0,5
6.0,7.0,13.0,14.0,20.0,25.0,44
11.0,12.000000099999999,10.0,11.0,75.0,80.0,27
8.0,9.0,9.0,10.0,35.0,40.0,547
0.0,1.0,1.0,2.0,80.0,85.0,16
8.0,9.0,16.0,17.000000100000001,20.0,25.0,1
6.0,7.0,4.0,5.0,85.0,90.0,2
8.0,9.0,10.0,11.0,85.0,90.0,11
7.0,8.0,7.0,8.0,35.0,40.0,13
6.0,7.0,9.0,10.0,15.0,20.0,164
4.0,5.0,4.0,5.0,55.0,60.0,2
9.0,10.0,11.0,12.0,85.0,90.0,140
11.0,12.000000099999999,16.0,17.000000100000001,50.0,55.0,357
9.0,10.0,4.0,5.0,15.0,20.0,18
7.0,8.0,6.0,7.0,35.0,40.0,10
3.0,4.0,12.0,13.0,45.0,50.0,1
3.0,4.0,9.0,10.0,50.0,55.0,4
2.0,3.0,13.0,14.0,20.0,25.0,2
10.0,11.0,13.0,14.0,35.0,40.0,2518
3.0,4.0,10.0,11.0,15.0,20.0,3
4.0,5.0,7.0,8.0,70.0,75.0,1
6.0,7.0,4.0,5.0,90.0,95.0,1
9.0,10.0,11.0,12.0,70.0,75.0,386
0.0,1.0,4.0,5.0,75.0,80.0,36
8.0,9.0,5.0,6.0,55.0,60.0,47
6.0,7.0,8.0,9.0,60.0,65.0,7
0.0,1.0,14.0,15.0,55.0,60.0,53
6.0,7.0,8.0,9.0,15.0,20.0,30
8.0,9.0,13.0,14.0,75.0,80.0,70
8.0,9.0,3.0,4.0,50.0,55.0,52
6.0,7.0,14.0,15.0,40.0,45.0,17
9.0,10.0,1.0,2.0,80.0,85.0,50
10.0,11.0,16.0,17.000000100000001,25.0,30.0,70
7.0,8.0,14.0,15.0,20.0,25.0,10
11.0,12.000000099999999,14.0,15.0,70.0,75.0,118
7.0,8.0,4.0,5.0,85.0,90.0,13
9.0,10.0,4.0,5.0,65.0,70.0,201
7.0,8.0,8.0,9.0,25.0,30.0,17
11.0,12.000000099999999,6.0,7.0,25.0,30.0,7
6.0,7.0,10.0,11.0,45.0,50.0,8
7.0,8.0,11.0,12.0,35.0,40.0,52
4.0,5.0,8.0,9.0,40.0,45.0,2
1.0,2.0,9.0,10.0,40.0,45.0,1
2.0,3.0,9.0,10.0,60.0,65.0,1
9.0,10.0,12.0,13.0,85.0,90.0,32
7.0,8.0,7.0,8.0,60.0,65.0,11
9.0,10.0,4.0,5.0,35.0,40.0,102
11.0,12.000000099999999,15.0,16.0,40.0,45.0,381
7.0,8.0,5.0,6.0,25.0,30.0,10
11.0,12.000000099999999,5.0,6.0,90.0,95.0,4
8.0,9.0,8.0,9.0,70.0,75.0,134
7.0,8.0,9.0,10.0,90.0,95.0,14
0.0,1.0,6.0,7.0,80.0,85.0,20
8.0,9.0,12.0,13.0,35.0,40.0,139
8.0,9.0,8.0,9.0,75.0,80.0,115
9.0,10.0,13.0,14.0,15.0,20.0,4
5.0,6.0,9.0,10.0,50.0,55.0,13
0.0,1.0,1.0,2.0,90.0,95.0,10
11.0,12.000000099999999,15.0,16.0,45.0,50.0,399
9.0,10.0,7.0,8.0,80.0,85.0,130
8.0,9.0,2.0,3.0,70.0,75.0,43
5.0,6.0,4.0,5.0,50.0,55.0,1
11.0,12.000000099999999,9.0,10.0,55.0,60.0,374
8.0,9.0,16.0,17.000000100000001,85.0,90.0,4
2.0,3.0,9.0,10.0,45.0,50.0,2
10.0,11.0,6.0,7.0,90.0,95.0,8
3.0,4.0,13.0,14.0,25.0,30.0,3
9.0,10.0,4.0,5.0,30.0,35.0,75
0.0,1.0,3.0,4.0,80.0,85.0,16
5.0,6.0,10.0,11.0,30.0,35.0,5
6.0,7.0,5.0,6.0,55.0,60.0,5
10.0,11.0,13.0,14.0,75.0,80.0,311
5.0,6.0,14.0,15.0,45.0,50.0,1
7.0,8.0,2.0,3.0,45.0,50.0,1
9.0,10.0,9.0,10.0,75.0,80.0,1777
2.0,3.0,15.0,16.0,70.0,75.0,1
10.0,11.0,6.0,7.0,35.0,40.0,130
6.0,7.0,5.0,6.0,50.0,55.0,2
4.0,5.0,8.0,9.0,35.0,40.0,3
8.0,9.0,8.0,9.0,65.0,70.0,107
4.0,5.0,6.0,7.0,35.0,40.0,1
0.0,1.0,10.0,11.0,90.0,95.0,7
0.0,1.0,6.0,7.0,35.0,40.0,60
6.0,7.0,1.0,2.0,45.0,50.0,5
7.0,8.0,1.0,2.0,75.0,80.0,6
9.0,10.0,16.0,17.000000100000001,65.0,70.0,22
8.0,9.0,10.0,11.0,75.0,80.0,56
5.0,6.0,12.0,13.0,60.0,65.0,2
10.0,11.0,15.0,16.0,60.0,65.0,71
10.0,11.0,3.0,4.0,85.0,90.0,8
10.0,11.0,11.0,12.0,90.0,95.0,30
9.0,10.0,14.0,15.0,85.0,90.0,37
11.0,12.000000099999999,11.0,12.0,80.0,85.0,40
4.0,5.0,11.0,12.0,40.0,45.0,2
6.0,7.0,4.0,5.0,20.0,25.0,6
9.0,10.0,4.0,5.0,70.0,75.0,254
0.0,1.0,5.0,6.0,15.0,20.0,60
9.0,10.0,8.0,9.0,30.0,35.0,213
5.0,6.0,15.0,16.0,45.0,50.0,1
4.0,5.0,3.0,4.0,25.0,30.0,1
7.0,8.0,7.0,8.0,20.0,25.0,25
5.0,6.0,2.0,3.0,45.0,50.0,1
7.0,8.0,10.0,11.0,50.0,55.0,17
7.0,8.0,1.0,2.0,40.0,45.0,4
7.0,8.0,2.0,3.0,80.0,85.0,1
0.0,1.0,11.0,12.0,90.0,95.0,10
6.0,7.0,8.0,9.0,50.0,55.0,7
10.0,11.0,15.0,16.0,50.0,55.0,149
7.0,8.0,3.0,4.0,90.0,95.0,2
6.0,7.0,2.0,3.0,50.0,55.0,4
9.0,10.0,10.0,11.0,90.0,95.0,38
6.0,7.0,10.0,11.0,80.0,85.0,2
6.0,7.0,1.0,2.0,40.0,45.0,4
4.0,5.0,4.0,5.0,40.0,45.0,1
8.0,9.0,11.0,12.0,85.0,90.0,39
6.0,7.0,8.0,9.0,85.0,90.0,1
6.0,7.0,13.0,14.0,90.0,95.0,1
11.0,12.000000099999999,8.0,9.0,25.0,30.0,8
9.0,10.0,8.0,9.0,40.0,45.0,222
3.0,4.0,15.0,16.0,55.0,60.0,1
7.0,8.0,13.0,14.0,75.0,80.0,10
1.0,2.0,12.0,13.0,90.0,95.0,1
8.0,9.0,3.0,4.0,15.0,20.0,15
7.0,8.0,13.0,14.0,55.0,60.0,33
9.0,10.0,12.0,13.0,75.0,80.0,97
7.0,8.0,4.0,5.0,20.0,25.0,6
11.0,12.000000099999999,15.0,16.0,85.0,90.0,23
9.0,10.0,7.0,8.0,70.0,75.0,161
2.0,3.0,4.0,5.0,40.0,45.0,1
8.0,9.0,16.0,17.000000100000001,35.0,40.0,12
8.0,9.0,15.0,16.0,55.0,60.0,16
5.0,6.0,15.0,16.0,40.0,45.0,1
7.0,8.0,5.0,6.0,70.0,75.0,9
4.0,5.0,11.0,12.0,35.0,40.0,1
11.0,12.000000099999999,8.0,9.0,50.0,55.0,25
9.0,10.0,12.0,13.0,40.0,45.0,455
0.0,1.0,12.0,13.0,20.0,25.0,95
0.0,1.0,5.0,6.0,35.0,40.0,59
7.0,8.0,10.0,11.0,60.0,65.0,12
7.0,8.0,9.0,10.0,70.0,75.0,75
11.0,12.000000099999999,2.0,3.0,50.0,55.0,5
10.0,11.0,7.0,8.0,90.0,95.0,4
7.0,8.0,12.0,13.0,75.0,80.0,2
0.0,1.0,6.0,7.0,70.0,75.0,22
0.0,1.0,1.0,2.0,85.0,90.0,16
6.0,7.0,13.0,14.0,85.0,90.0,5
0.0,1.0,10.0,11.0,35.0,40.0,111
8.0,9.0,5.0,6.0,90.0,95.0,26
8.0,9.0,4.0,5.0,65.0,70.0,128
7.0,8.0,1.0,2.0,35.0,40.0,11
11.0,12.000000099999999,6.0,7.0,35.0,40.0,11
7.0,8.0,6.0,7.0,65.0,70.0,9
9.0,10.0,2.0,3.0,50.0,55.0,57
1.0,2.0,9.0,10.0,25.0,30.0,1
11.0,12.000000099999999,9.0,10.0,75.0,80.0,79
0.0,1.0,1.0,2.0,55.0,60.0,40
10.0,11.0,4.0,5.0,15.0,20.0,4
8.0,9.0,11.0,12.0,55.0,60.0,125
7.0,8.0,6.0,7.0,45.0,50.0,4
10.0,11.0,9.0,10.0,60.0,65.0,1460
9.0,10.0,14.0,15.0,90.0,95.0,16
6.0,7.0,1.0,2.0,70.0,75.0,1
5.0,6.0,6.0,7.0,75.0,80.0,1
3.0,4.0,4.0,5.0,85.0,90.0,1
10.0,11.0,5.0,6.0,40.0,45.0,88
8.0,9.0,4.0,5.0,90.0,95.0,83
8.0,9.0,15.0,16.0,50.0,55.0,11
10.0,11.0,4.0,5.0,40.0,45.0,69
9.0,10.0,13.0,14.0,85.0,90.0,101
8.0,9.0,9.0,10.0,30.0,35.0,529
4.0,5.0,15.0,16.0,30.0,35.0,1
5.0,6.0,6.0,7.0,40.0,45.0,6
4.0,5.0,6.0,7.0,25.0,30.0,3
10.0,11.0,16.0,17.000000100000001,65.0,70.0,56
1.0,2.0,11.0,12.0,20.0,25.0,1
10.0,11.0,15.0,16.0,80.0,85.0,48
0.0,1.0,10.0,11.0,60.0,65.0,50
8.0,9.0,3.0,4.0,65.0,70.0,79
0.0,1.0,12.0,13.0,50.0,55.0,102
0.0,1.0,5.0,6.0,80.0,85.0,22
11.0,12.000000099999999,12.0,13.0,80.0,85.0,8
0.0,1.0,6.0,7.0,65.0,70.0,12
7.0,8.0,5.0,6.0,20.0,25.0,15
5.0,6.0,5.0,6.0,30.0,35.0,6
5.0,6.0,7.0,8.0,40.0,45.0,2
7.0,8.0,15.0,16.0,65.0,70.0,3
2.0,3.0,9.0,10.0,20.0,25.0,1
6.0,7.0,6.0,7.0,55.0,60.0,5
6.0,7.0,8.0,9.0,70.0,75.0,2
9.0,10.0,16.0,17.000000100000001,70.0,75.0,23
8.0,9.0,1.0,2.0,25.0,30.0,29
7.0,8.0,11.0,12.0,50.0,55.0,29
8.0,9.0,5.0,6.0,45.0,50.0,36
1.0,2.0,13.0,14.0,50.0,55.0,1
8.0,9.0,15.0,16.0,70.0,75.0,17
10.0,11.0,5.0,6.0,15.0,20.0,6
6.0,7.0,12.0,13.0,45.0,50.0,7
2.0,3.0,6.0,7.0,55.0,60.0,1
11.0,12.000000099999999,15.0,16.0,35.0,40.0,375
8.0,9.0,2.0,3.0,55.0,60.0,31
0.0,1.0,6.0,7.0,20.0,25.0,68
11.0,12.000000099999999,11.0,12.0,40.0,45.0,485
7.0,8.0,12.0,13.0,35.0,40.0,42
10.0,11.0,2.0,3.0,90.0,95.0,3
3.0,4.0,13.0,14.0,20.0,25.0,2
4.0,5.0,9.0,10.0,90.0,95.0,1
8.0,9.0,6.0,7.0,50.0,55.0,59
8.0,9.0,14.0,15.0,85.0,90.0,13
5.0,6.0,1.0,2.0,45.0,50.0,2
9.0,10.0,16.0,17.000000100000001,80.0,85.0,7
11.0,12.000000099999999,5.0,6.0,80.0,85.0,4
11.0,12.000000099999999,6.0,7.0,45.0,50.0,15
0.0,1.0,4.0,5.0,55.0,60.0,65
7.0,8.0,9.0,10.0,60.0,65.0,100
6.0,7.0,10.0,11.0,55.0,60.0,4
8.0,9.0,13.0,14.0,80.0,85.0,70
5.0,6.0,11.0,12.0,75.0,80.0,2
3.0,4.0,13.0,14.0,45.0,50.0,2
3.0,4.0,11.0,12.0,15.0,20.0,1
0.0,1.0,8.0,9.0,50.0,55.0,66
9.0,10.0,5.0,6.0,60.0,65.0,107
7.0,8.0,4.0,5.0,30.0,35.0,9
7.0,8.0,11.0,12.0,85.0,90.0,5
11.0,12.000000099999999,8.0,9.0,70.0,75.0,10
8.0,9.0,7.0,8.0,25.0,30.0,63
5.0,6.0,3.0,4.0,35.0,40.0,3
0.0,1.0,11.0,12.0,65.0,70.0,27
10.0,11.0,3.0,4.0,25.0,30.0,16
11.0,12.000000099999999,4.0,5.0,70.0,75.0,12
4.0,5.0,11.0,12.0,80.0,85.0,1
3.0,4.0,4.0,5.0,15.0,20.0,1
6.0,7.0,2.0,3.0,65.0,70.0,3
8.0,9.0,8.0,9.0,85.0,90.0,53
9.0,10.0,6.0,7.0,20.0,25.0,127
0.0,1.0,2.0,3.0,45.0,50.0,18
7.0,8.0,5.0,6.0,45.0,50.0,7
4.0,5.0,11.0,12.0,15.0,20.0,2
8.0,9.0,12.0,13.0,80.0,85.0,29
8.0,9.0,5.0,6.0,50.0,55.0,61
3.0,4.0,13.0,14.0,30.0,35.0,4
9.0,10.0,3.0,4.0,55.0,60.0,61
9.0,10.0,15.0,16.0,80.0,85.0,36
0.0,1.0,15.0,16.0,20.0,25.0,5
5.0,6.0,12.0,13.0,35.0,40.0,4
0.0,1.0,2.0,3.0,65.0,70.0,8
9.0,10.0,15.0,16.0,35.0,40.0,53
0.0,1.0,5.0,6.0,85.0,90.0,17
7.0,8.0,10.0,11.0,35.0,40.0,27
6.0,7.0,3.0,4.0,20.0,25.0,2
4.0,5.0,12.0,13.0,60.0,65.0,1
9.0,10.0,5.0,6.0,70.0,75.0,225
5.0,6.0,14.0,15.0,25.0,30.0,5
11.0,12.000000099999999,12.0,13.0,35.0,40.0,295
0.0,1.0,4.0,5.0,85.0,90.0,32
5.0,6.0,3.0,4.0,45.0,50.0,1
11.0,12.000000099999999,7.0,8.0,85.0,90.0,1
7.0,8.0,11.0,12.0,80.0,85.0,8
9.0,10.0,9.0,10.0,90.0,95.0,327
2.0,3.0,7.0,8.0,70.0,75.0,1
2.0,3.0,10.0,11.0,40.0,45.0,1
8.0,9.0,4.0,5.0,40.0,45.0,73
11.0,12.000000099999999,11.0,12.0,60.0,65.0,183
0.0,1.0,6.0,7.0,45.0,50.0,42
0.0,1.0,6.0,7.0,60.0,65.0,46
7.0,8.0,3.0,4.0,80.0,85.0,3
2.0,3.0,8.0,9.0,35.0,40.0,1
11.0,12.000000099999999,3.0,4.0,55.0,60.0,9
0.0,1.0,7.0,8.0,75.0,80.0,18
11.0,12.000000099999999,10.0,11.0,85.0,90.0,9
10.0,11.0,3.0,4.0,60.0,65.0,53
1.0,2.0,16.0,17.000000100000001,50.0,55.0,1
5.0,6.0,9.0,10.0,35.0,40.0,15
1.0,2.0,5.0,6.0,55.0,60.0,1
10.0,11.0,8.0,9.0,60.0,65.0,152
8.0,9.0,11.0,12.0,30.0,35.0,166
5.0,6.0,5.0,6.0,35.0,40.0,2
9.0,10.0,4.0,5.0,45.0,50.0,120
9.0,10.0,4.0,5.0,85.0,90.0,332
8.0,9.0,13.0,14.0,85.0,90.0,32
11.0,12.000000099999999,11.0,12.0,70.0,75.0,71
11.0,12.000000099999999,3.0,4.0,65.0,70.0,3
10.0,11.0,1.0,2.0,75.0,80.0,12
8.0,9.0,12.0,13.0,45.0,50.0,110
7.0,8.0,15.0,16.0,20.0,25.0,4
7.0,8.0,8.0,9.0,80.0,85.0,12
1.0,2.0,13.0,14.0,55.0,60.0,1
9.0,10.0,1.0,2.0,45.0,50.0,90
8.0,9.0,11.0,12.0,50.0,55.0,140
8.0,9.0,10.0,11.0,60.0,65.0,75
11.0,12.000000099999999,9.0,10.0,25.0,30.0,146
7.0,8.0,1.0,2.0,50.0,55.0,5
7.0,8.0,8.0,9.0,70.0,75.0,17
5.0,6.0,3.0,4.0,25.0,30.0,1
8.0,9.0,8.0,9.0,90.0,95.0,15
8.0,9.0,15.0,16.0,85.0,90.0,11
9.0,10.0,7.0,8.0,55.0,60.0,84
11.0,12.000000099999999,12.0,13.0,25.0,30.0,52
0.0,1.0,10.0,11.0,40.0,45.0,103
11.0,12.000000099999999,11.0,12.0,50.0,55.0,399
7.0,8.0,13.0,14.0,65.0,70.0,14
2.0,3.0,9.0,10.0,40.0,45.0,4
11.0,12.000000099999999,5.0,6.0,55.0,60.0,15
0.0,1.0,1.0,2.0,30.0,35.0,41
10.0,11.0,15.0,16.0,40.0,45.0,203
8.0,9.0,16.0,17.000000100000001,70.0,75.0,9
5.0,6.0,11.0,12.0,45.0,50.0,4
9.0,10.0,8.0,9.0,45.0,50.0,173
7.0,8.0,14.0,15.0,30.0,35.0,24
11.0,12.000000099999999,13.0,14.0,75.0,80.0,112
3.0,4.0,11.0,12.0,30.0,35.0,1
7.0,8.0,2.0,3.0,55.0,60.0,5
5.0,6.0,13.0,14.0,25.0,30.0,6
9.0,10.0,2.0,3.0,15.0,20.0,4
7.0,8.0,6.0,7.0,25.0,30.0,7
6.0,7.0,7.0,8.0,85.0,90.0,1
9.0,10.0,15.0,16.0,70.0,75.0,64
3.0,4.0,11.0,12.0,35.0,40.0,2
6.0,7.0,1.0,2.0,80.0,85.0,2
9.0,10.0,1.0,2.0,75.0,80.0,71
3.0,4.0,12.0,13.0,60.0,65.0,1
8.0,9.0,11.0,12.0,90.0,95.0,20
7.0,8.0,11.0,12.0,75.0,80.0,17
11.0,12.000000099999999,13.0,14.0,50.0,55.0,1294
10.0,11.0,6.0,7.0,70.0,75.0,72
0.0,1.0,3.0,4.0,25.0,30.0,22
6.0,7.0,1.0,2.0,35.0,40.0,2
7.0,8.0,4.0,5.0,50.0,55.0,13
10.0,11.0,10.0,11.0,30.0,35.0,757
7.0,8.0,14.0,15.0,50.0,55.0,24
3.0,4.0,13.0,14.0,60.0,65.0,1
0.0,1.0,14.0,15.0,60.0,65.0,38
8.0,9.0,16.0,17.000000100000001,80.0,85.0,3
6.0,7.0,12.0,13.0,50.0,55.0,10
8.0,9.0,4.0,5.0,20.0,25.0,46
7.0,8.0,5.0,6.0,85.0,90.0,4
9.0,10.0,7.0,8.0,50.0,55.0,64
0.0,1.0,11.0,12.0,80.0,85.0,20
11.0,12.000000099999999,1.0,2.0,55.0,60.0,4
8.0,9.0,10.0,11.0,50.0,55.0,77
4.0,5.0,4.0,5.0,35.0,40.0,1
0.0,1.0,8.0,9.0,65.0,70.0,17
0.0,1.0,1.0,2.0,45.0,50.0,34
9.0,10.0,1.0,2.0,85.0,90.0,33
11.0,12.000000099999999,1.0,2.0,45.0,50.0,9
9.0,10.0,2.0,3.0,65.0,70.0,51
9.0,10.0,16.0,17.000000100000001,45.0,50.0,27
3.0,4.0,11.0,12.0,20.0,25.0,3
9.0,10.0,8.0,9.0,35.0,40.0,246
7.0,8.0,14.0,15.0,25.0,30.0,24
10.0,11.0,13.0,14.0,55.0,60.0,966
9.0,10.0,6.0,7.0,15.0,20.0,57
11.0,12.000000099999999,13.0,14.0,25.0,30.0,762
10.0,11.0,16.0,17.000000100000001,90.0,95.0,6
8.0,9.0,12.0,13.0,20.0,25.0,189
9.0,10.0,9.0,10.0,35.0,40.0,1745
2.0,3.0,11.0,12.0,25.0,30.0,1
2.0,3.0,11.0,12.0,55.0,60.0,2
10.0,11.0,1.0,2.0,90.0,95.0,2
7.0,8.0,16.0,17.000000100000001,30.0,35.0,4
10.0,11.0,14.0,15.0,45.0,50.0,1200
8.0,9.0,8.0,9.0,35.0,40.0,80
10.0,11.0,11.0,12.0,30.0,35.0,1493
5.0,6.0,4.0,5.0,55.0,60.0,2
6.0,7.0,4.0,5.0,75.0,80.0,2
4.0,5.0,7.0,8.0,30.0,35.0,1
11.0,12.000000099999999,8.0,9.0,55.0,60.0,31
4.0,5.0,14.0,15.0,35.0,40.0,2
8.0,9.0,6.0,7.0,70.0,75.0,133
7.0,8.0,15.0,16.0,40.0,45.0,1
8.0,9.0,11.0,12.0,75.0,80.0,113
0.0,1.0,6.0,7.0,75.0,80.0,20
0.0,1.0,16.0,17.000000100000001,40.0,45.0,10
7.0,8.0,15.0,16.0,70.0,75.0,1
2.0,3.0,12.0,13.0,25.0,30.0,1
8.0,9.0,7.0,8.0,20.0,25.0,92
2.0,3.0,11.0,12.0,20.0,25.0,2
8.0,9.0,6.0,7.0,75.0,80.0,117
5.0,6.0,7.0,8.0,70.0,75.0,1
3.0,4.0,14.0,15.0,50.0,55.0,2
7.0,8.0,14.0,15.0,35.0,40.0,26
7.0,8.0,6.0,7.0,90.0,95.0,1
9.0,10.0,5.0,6.0,55.0,60.0,102
8.0,9.0,9.0,10.0,85.0,90.0,256
10.0,11.0,5.0,6.0,35.0,40.0,70
9.0,10.0,4.0,5.0,75.0,80.0,290
10.0,11.0,1.0,2.0,85.0,90.0,6
9.0,10.0,3.0,4.0,50.0,55.0,81
11.0,12.000000099999999,15.0,16.0,70.0,75.0,63
8.0,9.0,13.0,14.0,55.0,60.0,103
10.0,11.0,2.0,3.0,35.0,40.0,17
11.0,12.000000099999999,1.0,2.0,90.0,95.0,1
4.0,5.0,13.0,14.0,40.0,45.0,8
6.0,7.0,8.0,9.0,45.0,50.0,9
10.0,11.0,5.0,6.0,65.0,70.0,64
7.0,8.0,10.0,11.0,80.0,85.0,6
6.0,7.0,13.0,14.0,75.0,80.0,1
6.0,7.0,16.0,17.000000100000001,55.0,60.0,1
4.0,5.0,7.0,8.0,20.0,25.0,2
8.0,9.0,5.0,6.0,35.0,40.0,69
0.0,1.0,3.0,4.0,30.0,35.0,25
10.0,11.0,9.0,10.0,80.0,85.0,523
6.0,7.0,6.0,7.0,40.0,45.0,6
8.0,9.0,6.0,7.0,60.0,65.0,90
0.0,1.0,15.0,16.0,80.0,85.0,1
5.0,6.0,8.0,9.0,40.0,45.0,2
4.0,5.0,8.0,9.0,25.0,30.0,4
7.0,8.0,10.0,11.0,25.0,30.0,25
8.0,9.0,6.0,7.0,65.0,70.0,116
7.0,8.0,11.0,12.0,40.0,45.0,46
11.0,12.000000099999999,9.0,10.0,45.0,50.0,469
6.0,7.0,11.0,12.0,40.0,45.0,19
11.0,12.000000099999999,15.0,16.0,80.0,85.0,34
7.0,8.0,4.0,5.0,70.0,75.0,8
6.0,7.0,3.0,4.0,15.0,20.0,3
9.0,10.0,8.0,9.0,70.0,75.0,193
8.0,9.0,4.0,5.0,85.0,90.0,108
8.0,9.0,13.0,14.0,35.0,40.0,247
9.0,10.0,12.0,13.0,35.0,40.0,467
10.0,11.0,10.0,11.0,85.0,90.0,44
0.0,1.0,9.0,10.0,70.0,75.0,174
7.0,8.0,3.0,4.0,20.0,25.0,4
7.0,8.0,2.0,3.0,20.0,25.0,2
7.0,8.0,3.0,4.0,65.0,70.0,10
7.0,8.0,2.0,3.0,85.0,90.0,2
8.0,9.0,15.0,16.0,25.0,30.0,25
9.0,10.0,2.0,3.0,70.0,75.0,38
7.0,8.0,8.0,9.0,20.0,25.0,29
3.0,4.0,12.0,13.0,30.0,35.0,1
0.0,1.0,13.0,14.0,90.0,95.0,12
6.0,7.0,10.0,11.0,75.0,80.0,4
9.0,10.0,16.0,17.000000100000001,85.0,90.0,4
11.0,12.000000099999999,14.0,15.0,40.0,45.0,1066
10.0,11.0,4.0,5.0,50.0,55.0,111
11.0,12.000000099999999,3.0,4.0,25.0,30.0,1
10.0,11.0,12.0,13.0,90.0,95.0,8
2.0,3.0,1.0,2.0,45.0,50.0,1
10.0,11.0,15.0,16.0,25.0,30.0,208
7.0,8.0,14.0,15.0,75.0,80.0,8
4.0,5.0,7.0,8.0,15.0,20.0,8
4.0,5.0,16.0,17.000000100000001,20.0,25.0,1
0.0,1.0,1.0,2.0,60.0,65.0,38
11.0,12.000000099999999,12.0,13.0,65.0,70.0,31
5.0,6.0,6.0,7.0,35.0,40.0,4
8.0,9.0,1.0,2.0,75.0,80.0,89
11.0,12.000000099999999,6.0,7.0,65.0,70.0,11
4.0,5.0,12.0,13.0,25.0,30.0,4
7.0,8.0,15.0,16.0,85.0,90.0,1
10.0,11.0,5.0,6.0,70.0,75.0,80
0.0,1.0,11.0,12.0,45.0,50.0,172
8.0,9.0,10.0,11.0,25.0,30.0,120
4.0,5.0,13.0,14.0,45.0,50.0,4
8.0,9.0,14.0,15.0,60.0,65.0,49
5.0,6.0,13.0,14.0,75.0,80.0,2
8.0,9.0,9.0,10.0,65.0,70.0,750
11.0,12.000000099999999,1.0,2.0,30.0,35.0,3
7.0,8.0,1.0,2.0,15.0,20.0,3
5.0,6.0,14.0,15.0,55.0,60.0,4
10.0,11.0,3.0,4.0,75.0,80.0,20
8.0,9.0,2.0,3.0,65.0,70.0,60
5.0,6.0,1.0,2.0,60.0,65.0,4
10.0,11.0,5.0,6.0,30.0,35.0,75
0.0,1.0,12.0,13.0,25.0,30.0,110
7.0,8.0,3.0,4.0,70.0,75.0,7
7.0,8.0,10.0,11.0,30.0,35.0,31
0.0,1.0,12.0,13.0,15.0,20.0,4
2.0,3.0,10.0,11.0,15.0,20.0,2
7.0,8.0,9.0,10.0,40.0,45.0,110
7.0,8.0,4.0,5.0,35.0,40.0,10
6.0,7.0,4.0,5.0,15.0,20.0,4
7.0,8.0,7.0,8.0,65.0,70.0,7
11.0,12.000000099999999,12.0,13.0,70.0,75.0,40
10.0,11.0,6.0,7.0,50.0,55.0,107
8.0,9.0,2.0,3.0,90.0,95.0,8
0.0,1.0,14.0,15.0,20.0,25.0,24
0.0,1.0,3.0,4.0,60.0,65.0,38
6.0,7.0,8.0,9.0,35.0,40.0,15
10.0,11.0,4.0,5.0,65.0,70.0,68
0.0,1.0,11.0,12.0,40.0,45.0,184
9.0,10.0,3.0,4.0,15.0,20.0,11
10.0,11.0,8.0,9.0,35.0,40.0,259
10.0,11.0,13.0,14.0,50.0,55.0,1751
2.0,3.0,8.0,9.0,30.0,35.0,1
8.0,9.0,11.0,12.0,15.0,20.0,591
5.0,6.0,10.0,11.0,50.0,55.0,1
9.0,10.0,16.0,17.000000100000001,35.0,40.0,32
9.0,10.0,15.0,16.0,55.0,60.0,45
0.0,1.0,4.0,5.0,90.0,95.0,42
11.0,12.000000099999999,5.0,6.0,30.0,35.0,4
10.0,11.0,9.0,10.0,45.0,50.0,2655
5.0,6.0,11.0,12.0,35.0,40.0,9
8.0,9.0,4.0,5.0,75.0,80.0,178
8.0,9.0,12.0,13.0,15.0,20.0,9
9.0,10.0,12.0,13.0,25.0,30.0,403
10.0,11.0,3.0,4.0,80.0,85.0,12
11.0,12.000000099999999,12.0,13.0,60.0,65.0,94
7.0,8.0,10.0,11.0,70.0,75.0,9
0.0,1.0,1.0,2.0,35.0,40.0,38
6.0,7.0,7.0,8.0,65.0,70.0,2
4.0,5.0,11.0,12.0,30.0,35.0,3
11.0,12.000000099999999,4.0,5.0,20.0,25.0,4
8.0,9.0,14.0,15.0,25.0,30.0,71
0.0,1.0,13.0,14.0,35.0,40.0,560
10.0,11.0,1.0,2.0,35.0,40.0,47
8.0,9.0,6.0,7.0,55.0,60.0,54
0.0,1.0,3.0,4.0,45.0,50.0,31
4.0,5.0,11.0,12.0,50.0,55.0,5
10.0,11.0,7.0,8.0,30.0,35.0,115
6.0,7.0,1.0,2.0,30.0,35.0,5
11.0,12.000000099999999,2.0,3.0,35.0,40.0,1
2.0,3.0,14.0,15.0,30.0,35.0,1
8.0,9.0,7.0,8.0,60.0,65.0,71
5.0,6.0,12.0,13.0,45.0,50.0,4
6.0,7.0,5.0,6.0,15.0,20.0,11
7.0,8.0,12.0,13.0,15.0,20.0,3
7.0,8.0,11.0,12.0,25.0,30.0,49
7.0,8.0,2.0,3.0,40.0,45.0,1
11.0,12.000000099999999,7.0,8.0,25.0,30.0,3
9.0,10.0,11.0,12.0,55.0,60.0,290
0.0,1.0,8.0,9.0,55.0,60.0,62
10.0,11.0,16.0,17.000000100000001,80.0,85.0,18
6.0,7.0,2.0,3.0,90.0,95.0,1
7.0,8.0,8.0,9.0,50.0,55.0,10
9.0,10.0,4.0,5.0,90.0,95.0,183
10.0,11.0,3.0,4.0,65.0,70.0,30
9.0,10.0,15.0,16.0,50.0,55.0,57
0.0,1.0,8.0,9.0,75.0,80.0,28
8.0,9.0,12.0,13.0,30.0,35.0,123
10.0,11.0,9.0,10.0,40.0,45.0,3260
7.0,8.0,7.0,8.0,40.0,45.0,12
7.0,8.0,14.0,15.0,45.0,50.0,22
6.0,7.0,2.0,3.0,40.0,45.0,4
8.0,9.0,5.0,6.0,15.0,20.0,53
5.0,6.0,6.0,7.0,25.0,30.0,3
5.0,6.0,7.0,8.0,35.0,40.0,4
8.0,9.0,5.0,6.0,85.0,90.0,56
1.0,2.0,12.0,13.0,50.0,55.0,2
8.0,9.0,5.0,6.0,20.0,25.0,57
3.0,4.0,13.0,14.0,35.0,40.0,1
11.0,12.000000099999999,7.0,8.0,30.0,35.0,8
9.0,10.0,13.0,14.0,75.0,80.0,225
6.0,7.0,1.0,2.0,20.0,25.0,5
0.0,1.0,1.0,2.0,50.0,55.0,28
3.0,4.0,5.0,6.0,50.0,55.0,1
6.0,7.0,14.0,15.0,65.0,70.0,4
0.0,1.0,11.0,12.0,60.0,65.0,88
11.0,12.000000099999999,7.0,8.0,65.0,70.0,11
7.0,8.0,9.0,10.0,45.0,50.0,82
8.0,9.0,6.0,7.0,85.0,90.0,35
11.0,12.000000099999999,9.0,10.0,50.0,55.0,398
7.0,8.0,9.0,10.0,30.0,35.0,93
6.0,7.0,15.0,16.0,55.0,60.0,1
8.0,9.0,10.0,11.0,80.0,85.0,35
8.0,9.0,15.0,16.0,20.0,25.0,5
8.0,9.0,13.0,14.0,20.0,25.0,542
9.0,10.0,1.0,2.0,25.0,30.0,45
11.0,12.000000099999999,13.0,14.0,45.0,50.0,1622
9.0,10.0,5.0,6.0,45.0,50.0,86
0.0,1.0,4.0,5.0,35.0,40.0,49
8.0,9.0,1.0,2.0,60.0,65.0,77
9.0,10.0,2.0,3.0,55.0,60.0,63
7.0,8.0,3.0,4.0,85.0,90.0,3
7.0,8.0,2.0,3.0,65.0,70.0,4
8.0,9.0,13.0,14.0,45.0,50.0,194
0.0,1.0,12.0,13.0,80.0,85.0,5
9.0,10.0,5.0,6.0,65.0,70.0,190
9.0,10.0,6.0,7.0,50.0,55.0,97
11.0,12.000000099999999,7.0,8.0,35.0,40.0,17
8.0,9.0,10.0,11.0,55.0,60.0,66
0.0,1.0,16.0,17.000000100000001,30.0,35.0,24
6.0,7.0,7.0,8.0,25.0,30.0,8
11.0,12.000000099999999,3.0,4.0,40.0,45.0,6
10.0,11.0,9.0,10.0,70.0,75.0,977
7.0,8.0,12.0,13.0,85.0,90.0,2
10.0,11.0,5.0,6.0,80.0,85.0,47
8.0,9.0,4.0,5.0,50.0,55.0,62
9.0,10.0,13.0,14.0,80.0,85.0,175
6.0,7.0,12.0,13.0,40.0,45.0,7
5.0,6.0,4.0,5.0,40.0,45.0,1
4.0,5.0,5.0,6.0,40.0,45.0,1
4.0,5.0,9.0,10.0,30.0,35.0,4
0.0,1.0,12.0,13.0,55.0,60.0,73
9.0,10.0,7.0,8.0,25.0,30.0,121
0.0,1.0,3.0,4.0,40.0,45.0,23
5.0,6.0,16.0,17.000000100000001,25.0,30.0,1
0.0,1.0,4.0,5.0,60.0,65.0,46
7.0,8.0,7.0,8.0,15.0,20.0,361
7.0,8.0,10.0,11.0,75.0,80.0,4
5.0,6.0,11.0,12.0,25.0,30.0,13
6.0,7.0,5.0,6.0,75.0,80.0,1
11.0,12.000000099999999,12.0,13.0,45.0,50.0,321
11.0,12.000000099999999,13.0,14.0,65.0,70.0,251
7.0,8.0,9.0,10.0,25.0,30.0,91
7.0,8.0,10.0,11.0,55.0,60.0,16
0.0,1.0,7.0,8.0,60.0,65.0,27
5.0,6.0,11.0,12.0,15.0,20.0,18
9.0,10.0,12.0,13.0,80.0,85.0,67
9.0,10.0,5.0,6.0,50.0,55.0,79
7.0,8.0,8.0,9.0,75.0,80.0,12
6.0,7.0,8.0,9.0,80.0,85.0,3
10.0,11.0,14.0,15.0,55.0,60.0,753
0.0,1.0,6.0,7.0,30.0,35.0,63
5.0,6.0,4.0,5.0,15.0,20.0,4
7.0,8.0,6.0,7.0,55.0,60.0,8
9.0,10.0,2.0,3.0,85.0,90.0,29
8.0,9.0,13.0,14.0,50.0,55.0,146
10.0,11.0,12.0,13.0,35.0,40.0,1248
7.0,8.0,12.0,13.0,50.0,55.0,16
8.0,9.0,3.0,4.0,60.0,65.0,51
11.0,12.000000099999999,7.0,8.0,15.0,20.0,5
7.0,8.0,4.0,5.0,80.0,85.0,11
8.0,9.0,7.0,8.0,30.0,35.0,59
6.0,7.0,6.0,7.0,35.0,40.0,7
7.0,8.0,14.0,15.0,80.0,85.0,3
10.0,11.0,10.0,11.0,50.0,55.0,682
7.0,8.0,6.0,7.0,30.0,35.0,7
6.0,7.0,14.0,15.0,85.0,90.0,1
11.0,12.000000099999999,8.0,9.0,35.0,40.0,43
7.0,8.0,4.0,5.0,25.0,30.0,2
10.0,11.0,16.0,17.000000100000001,55.0,60.0,98
7.0,8.0,3.0,4.0,15.0,20.0,4
8.0,9.0,6.0,7.0,90.0,95.0,14
8.0,9.0,1.0,2.0,40.0,45.0,68
11.0,12.000000099999999,4.0,5.0,35.0,40.0,6
5.0,6.0,15.0,16.0,60.0,65.0,2
9.0,10.0,4.0,5.0,40.0,45.0,134
8.0,9.0,5.0,6.0,30.0,35.0,50
11.0,12.000000099999999,4.0,5.0,30.0,35.0,5
10.0,11.0,6.0,7.0,75.0,80.0,72
8.0,9.0,1.0,2.0,90.0,95.0,36
10.0,11.0,2.0,3.0,70.0,75.0,10
0.0,1.0,3.0,4.0,20.0,25.0,34
0.0,1.0,8.0,9.0,90.0,95.0,8
9.0,10.0,13.0,14.0,90.0,95.0,74
10.0,11.0,11.0,12.0,65.0,70.0,358
11.0,12.000000099999999,10.0,11.0,90.0,95.0,3
3.0,4.0,8.0,9.0,40.0,45.0,1
9.0,10.0,8.0,9.0,15.0,20.0,89
10.0,11.0,1.0,2.0,65.0,70.0,14
0.0,1.0,8.0,9.0,40.0,45.0,90
2.0,3.0,13.0,14.0,45.0,50.0,1
6.0,7.0,6.0,7.0,70.0,75.0,2
8.0,9.0,1.0,2.0,55.0,60.0,59
5.0,6.0,11.0,12.0,40.0,45.0,11
4.0,5.0,4.0,5.0,60.0,65.0,1
10.0,11.0,9.0,10.0,25.0,30.0,1955
10.0,11.0,4.0,5.0,75.0,80.0,61
9.0,10.0,12.0,13.0,45.0,50.0,368
10.0,11.0,10.0,11.0,35.0,40.0,879
8.0,9.0,7.0,8.0,55.0,60.0,49
6.0,7.0,8.0,9.0,25.0,30.0,7
9.0,10.0,11.0,12.0,50.0,55.0,512
7.0,8.0,16.0,17.000000100000001,75.0,80.0,1
0.0,1.0,9.0,10.0,90.0,95.0,47
8.0,9.0,7.0,8.0,90.0,95.0,11
11.0,12.000000099999999,10.0,11.0,15.0,20.0,6
9.0,10.0,8.0,9.0,90.0,95.0,70
5.0,6.0,8.0,9.0,35.0,40.0,2
0.0,1.0,14.0,15.0,30.0,35.0,137
7.0,8.0,7.0,8.0,80.0,85.0,5
11.0,12.000000099999999,10.0,11.0,25.0,30.0,41
6.0,7.0,15.0,16.0,50.0,55.0,6
7.0,8.0,3.0,4.0,40.0,45.0,5
5.0,6.0,1.0,2.0,20.0,25.0,2
8.0,9.0,11.0,12.0,60.0,65.0,99
1.0,2.0,9.0,10.0,30.0,35.0,2
5.0,6.0,10.0,11.0,20.0,25.0,9
2.0,3.0,13.0,14.0,40.0,45.0,3
11.0,12.000000099999999,3.0,4.0,50.0,55.0,8
7.0,8.0,16.0,17.000000100000001,25.0,30.0,1
10.0,11.0,7.0,8.0,40.0,45.0,141
6.0,7.0,16.0,17.000000100000001,50.0,55.0,3
11.0,12.000000099999999,1.0,2.0,35.0,40.0,11
0.0,1.0,13.0,14.0,30.0,35.0,410
5.0,6.0,6.0,7.0,45.0,50.0,6
7.0,8.0,10.0,11.0,45.0,50.0,18
0.0,1.0,14.0,15.0,40.0,45.0,112
11.0,12.000000099999999,10.0,11.0,80.0,85.0,12
10.0,11.0,11.0,12.0,60.0,65.0,520
7.0,8.0,10.0,11.0,85.0,90.0,2
10.0,11.0,8.0,9.0,20.0,25.0,87
11.0,12.000000099999999,5.0,6.0,50.0,55.0,10
9.0,10.0,2.0,3.0,75.0,80.0,34
0.0,1.0,11.0,12.0,35.0,40.0,249
6.0,7.0,11.0,12.0,90.0,95.0,1
5.0,6.0,2.0,3.0,60.0,65.0,1
4.0,5.0,14.0,15.0,50.0,55.0,1
6.0,7.0,11.0,12.0,55.0,60.0,21
4.0,5.0,5.0,6.0,15.0,20.0,1
0.0,1.0,9.0,10.0,30.0,35.0,572
10.0,11.0,4.0,5.0,90.0,95.0,21
6.0,7.0,9.0,10.0,80.0,85.0,11
0.0,1.0,5.0,6.0,25.0,30.0,36
0.0,1.0,9.0,10.0,45.0,50.0,418
8.0,9.0,4.0,5.0,60.0,65.0,98
7.0,8.0,14.0,15.0,55.0,60.0,17
0.0,1.0,4.0,5.0,40.0,45.0,43
2.0,3.0,10.0,11.0,30.0,35.0,1
9.0,10.0,5.0,6.0,35.0,40.0,126
6.0,7.0,12.0,13.0,55.0,60.0,8
11.0,12.000000099999999,16.0,17.000000100000001,90.0,95.0,1
10.0,11.0,5.0,6.0,55.0,60.0,93
8.0,9.0,5.0,6.0,60.0,65.0,73
9.0,10.0,2.0,3.0,60.0,65.0,40
9.0,10.0,6.0,7.0,70.0,75.0,250
8.0,9.0,2.0,3.0,85.0,90.0,17
10.0,11.0,6.0,7.0,45.0,50.0,112
9.0,10.0,7.0,8.0,20.0,25.0,161
11.0,12.000000099999999,1.0,2.0,40.0,45.0,7
7.0,8.0,12.0,13.0,65.0,70.0,6
2.0,3.0,14.0,15.0,25.0,30.0,2
7.0,8.0,9.0,10.0,20.0,25.0,206
0.0,1.0,11.0,12.0,15.0,20.0,201
3.0,4.0,14.0,15.0,60.0,65.0,1
2.0,3.0,7.0,8.0,15.0,20.0,1
7.0,8.0,7.0,8.0,85.0,90.0,2
10.0,11.0,8.0,9.0,70.0,75.0,76
10.0,11.0,9.0,10.0,35.0,40.0,3222
6.0,7.0,13.0,14.0,25.0,30.0,29
9.0,10.0,5.0,6.0,20.0,25.0,77
9.0,10.0,13.0,14.0,55.0,60.0,317
4.0,5.0,10.0,11.0,50.0,55.0,1
5.0,6.0,13.0,14.0,40.0,45.0,15
8.0,9.0,13.0,14.0,25.0,30.0,280
5.0,6.0,7.0,8.0,20.0,25.0,6
7.0,8.0,16.0,17.000000100000001,70.0,75.0,1
4.0,5.0,9.0,10.0,40.0,45.0,6
4.0,5.0,6.0,7.0,20.0,25.0,1
0.0,1.0,9.0,10.0,50.0,55.0,437
1.0,2.0,15.0,16.0,80.0,85.0,1
7.0,8.0,6.0,7.0,20.0,25.0,33
10.0,11.0,11.0,12.0,20.0,25.0,590
11.0,12.000000099999999,10.0,11.0,60.0,65.0,69
8.0,9.0,13.0,14.0,90.0,95.0,21
5.0,6.0,8.0,9.0,25.0,30.0,3
10.0,11.0,2.0,3.0,45.0,50.0,40
6.0,7.0,5.0,6.0,25.0,30.0,4
10.0,11.0,6.0,7.0,80.0,85.0,51
4.0,5.0,11.0,12.0,25.0,30.0,2
4.0,5.0,10.0,11.0,25.0,30.0,1
5.0,6.0,9.0,10.0,25.0,30.0,23
0.0,1.0,3.0,4.0,90.0,95.0,7
0.0,1.0,16.0,17.000000100000001,25.0,30.0,14
10.0,11.0,6.0,7.0,25.0,30.0,81
5.0,6.0,14.0,15.0,70.0,75.0,1
7.0,8.0,1.0,2.0,65.0,70.0,7
9.0,10.0,15.0,16.0,25.0,30.0,64
3.0,4.0,11.0,12.0,40.0,45.0,1
4.0,5.0,6.0,7.0,30.0,35.0,2
11.0,12.000000099999999,7.0,8.0,45.0,50.0,15
6.0,7.0,3.0,4.0,75.0,80.0,1
11.0,12.000000099999999,10.0,11.0,35.0,40.0,187
0.0,1.0,10.0,11.0,25.0,30.0,83
8.0,9.0,14.0,15.0,55.0,60.0,51
0.0,1.0,3.0,4.0,85.0,90.0,14
